customer_id,true_churn_probability
C100000,0.3337
C100001,0.1256
C100002,0.0319
C100003,0.093
C100004,0.125
C100005,0.1735
C100006,0.1524
C100007,0.0498
C100008,0.2079
C100009,0.2118
C100010,0.0798
C100011,0.1972
C100012,0.0648
C100013,0.2575
C100014,0.0743
C100015,0.3034
C100016,0.2627
C100017,0.1702
C100018,0.2156
C100019,0.2267
C100020,0.1341
C100021,0.1385
C100022,0.1073
C100023,0.2221
C100024,0.3652
C100025,0.0957
C100026,0.0611
C100027,0.2128
C100028,0.1439
C100029,0.0602
C100030,0.8206
C100031,0.1888
C100032,0.3534
C100033,0.1523
C100034,0.5448
C100035,0.1199
C100036,0.0791
C100037,0.7301
C100038,0.4543
C100039,0.7284
C100040,0.315
C100041,0.0517
C100042,0.4138
C100043,0.1602
C100044,0.273
C100045,0.1155
C100046,0.2386
C100047,0.1318
C100048,0.2364
C100049,0.0677
C100050,0.2974
C100051,0.0384
C100052,0.1131
C100053,0.1131
C100054,0.0318
C100055,0.7138
C100056,0.1016
C100057,0.0501
C100058,0.0423
C100059,0.1366
C100060,0.3869
C100061,0.0408
C100062,0.2373
C100063,0.2303
C100064,0.1233
C100065,0.1663
C100066,0.4361
C100067,0.0513
C100068,0.1383
C100069,0.1629
C100070,0.3225
C100071,0.0539
C100072,0.0457
C100073,0.1016
C100074,0.1993
C100075,0.1411
C100076,0.0136
C100077,0.153
C100078,0.3054
C100079,0.1355
C100080,0.0933
C100081,0.2313
C100082,0.1951
C100083,0.0821
C100084,0.3517
C100085,0.0909
C100086,0.2365
C100087,0.3898
C100088,0.1748
C100089,0.1298
C100090,0.0892
C100091,0.0526
C100092,0.1541
C100093,0.296
C100094,0.0731
C100095,0.415
C100096,0.052
C100097,0.3093
C100098,0.1357
C100099,0.5043
C100100,0.1642
C100101,0.0248
C100102,0.7235
C100103,0.244
C100104,0.028
C100105,0.3712
C100106,0.1862
C100107,0.0416
C100108,0.1656
C100109,0.2124
C100110,0.1417
C100111,0.5843
C100112,0.4218
C100113,0.173
C100114,0.3281
C100115,0.5094
C100116,0.316
C100117,0.0656
C100118,0.0772
C100119,0.1923
C100120,0.3638
C100121,0.0738
C100122,0.4793
C100123,0.2273
C100124,0.5794
C100125,0.1969
C100126,0.1299
C100127,0.0412
C100128,0.1827
C100129,0.0951
C100130,0.0123
C100131,0.0396
C100132,0.4235
C100133,0.1969
C100134,0.0564
C100135,0.0821
C100136,0.306
C100137,0.2382
C100138,0.3112
C100139,0.1182
C100140,0.0557
C100141,0.4517
C100142,0.1279
C100143,0.0999
C100144,0.0431
C100145,0.0338
C100146,0.0355
C100147,0.2796
C100148,0.0459
C100149,0.2896
C100150,0.1208
C100151,0.1577
C100152,0.0321
C100153,0.1059
C100154,0.1064
C100155,0.5574
C100156,0.2191
C100157,0.4515
C100158,0.0724
C100159,0.1933
C100160,0.0405
C100161,0.0374
C100162,0.1461
C100163,0.2331
C100164,0.1502
C100165,0.0719
C100166,0.0939
C100167,0.7002
C100168,0.0484
C100169,0.2271
C100170,0.0906
C100171,0.0831
C100172,0.2104
C100173,0.0766
C100174,0.0382
C100175,0.1624
C100176,0.1326
C100177,0.2047
C100178,0.2046
C100179,0.1624
C100180,0.2416
C100181,0.1628
C100182,0.3879
C100183,0.0334
C100184,0.1257
C100185,0.0433
C100186,0.1781
C100187,0.0675
C100188,0.4633
C100189,0.0526
C100190,0.0199
C100191,0.1465
C100192,0.1096
C100193,0.1664
C100194,0.104
C100195,0.2414
C100196,0.0579
C100197,0.1306
C100198,0.0742
C100199,0.0521
C100200,0.1305
C100201,0.1486
C100202,0.0795
C100203,0.0321
C100204,0.0961
C100205,0.0503
C100206,0.43
C100207,0.1141
C100208,0.1952
C100209,0.0755
C100210,0.3774
C100211,0.4291
C100212,0.0704
C100213,0.1451
C100214,0.1107
C100215,0.0836
C100216,0.1112
C100217,0.1954
C100218,0.0079
C100219,0.2035
C100220,0.0479
C100221,0.1742
C100222,0.1502
C100223,0.4943
C100224,0.1868
C100225,0.4702
C100226,0.449
C100227,0.0441
C100228,0.1197
C100229,0.1936
C100230,0.3661
C100231,0.1027
C100232,0.0601
C100233,0.0893
C100234,0.0497
C100235,0.1313
C100236,0.1285
C100237,0.3173
C100238,0.0613
C100239,0.0254
C100240,0.1779
C100241,0.1496
C100242,0.05
C100243,0.0942
C100244,0.1093
C100245,0.2712
C100246,0.0782
C100247,0.173
C100248,0.1708
C100249,0.038
C100250,0.0864
C100251,0.0727
C100252,0.1179
C100253,0.3055
C100254,0.4268
C100255,0.1113
C100256,0.154
C100257,0.0403
C100258,0.1391
C100259,0.1032
C100260,0.6582
C100261,0.0884
C100262,0.0428
C100263,0.1276
C100264,0.0892
C100265,0.0438
C100266,0.0344
C100267,0.1589
C100268,0.1183
C100269,0.1702
C100270,0.2791
C100271,0.6788
C100272,0.0356
C100273,0.0944
C100274,0.1439
C100275,0.0784
C100276,0.6169
C100277,0.1021
C100278,0.1189
C100279,0.1275
C100280,0.6797
C100281,0.063
C100282,0.0144
C100283,0.0418
C100284,0.0644
C100285,0.0711
C100286,0.1764
C100287,0.3856
C100288,0.2755
C100289,0.0397
C100290,0.107
C100291,0.0288
C100292,0.0958
C100293,0.1119
C100294,0.0586
C100295,0.1477
C100296,0.0674
C100297,0.4956
C100298,0.1553
C100299,0.3941
C100300,0.1014
C100301,0.1427
C100302,0.042
C100303,0.052
C100304,0.0601
C100305,0.0851
C100306,0.0473
C100307,0.0947
C100308,0.1869
C100309,0.1236
C100310,0.1129
C100311,0.1646
C100312,0.1093
C100313,0.4071
C100314,0.1239
C100315,0.1087
C100316,0.1048
C100317,0.0792
C100318,0.0255
C100319,0.1156
C100320,0.0579
C100321,0.3577
C100322,0.1584
C100323,0.3105
C100324,0.2659
C100325,0.224
C100326,0.1469
C100327,0.3725
C100328,0.0555
C100329,0.3736
C100330,0.1023
C100331,0.7598
C100332,0.1367
C100333,0.116
C100334,0.4265
C100335,0.028
C100336,0.3277
C100337,0.0398
C100338,0.7137
C100339,0.23
C100340,0.4717
C100341,0.0983
C100342,0.1388
C100343,0.2027
C100344,0.2672
C100345,0.158
C100346,0.1785
C100347,0.0631
C100348,0.3784
C100349,0.1835
C100350,0.1441
C100351,0.1172
C100352,0.1844
C100353,0.0645
C100354,0.0789
C100355,0.1294
C100356,0.2158
C100357,0.493
C100358,0.1332
C100359,0.179
C100360,0.4994
C100361,0.2116
C100362,0.1406
C100363,0.3329
C100364,0.0987
C100365,0.1248
C100366,0.2025
C100367,0.0962
C100368,0.0255
C100369,0.3258
C100370,0.065
C100371,0.1138
C100372,0.3114
C100373,0.2468
C100374,0.3106
C100375,0.0175
C100376,0.2138
C100377,0.2143
C100378,0.3121
C100379,0.2136
C100380,0.1962
C100381,0.1662
C100382,0.6434
C100383,0.0943
C100384,0.3099
C100385,0.1103
C100386,0.0574
C100387,0.105
C100388,0.4233
C100389,0.0606
C100390,0.0446
C100391,0.1627
C100392,0.0399
C100393,0.5483
C100394,0.341
C100395,0.1272
C100396,0.1624
C100397,0.136
C100398,0.4472
C100399,0.0528
C100400,0.1698
C100401,0.1745
C100402,0.1412
C100403,0.1738
C100404,0.0983
C100405,0.2616
C100406,0.0655
C100407,0.0271
C100408,0.2868
C100409,0.0846
C100410,0.3216
C100411,0.0832
C100412,0.5385
C100413,0.1092
C100414,0.1912
C100415,0.2436
C100416,0.0648
C100417,0.2036
C100418,0.5082
C100419,0.0855
C100420,0.2266
C100421,0.2405
C100422,0.1342
C100423,0.0706
C100424,0.1728
C100425,0.0244
C100426,0.0296
C100427,0.2348
C100428,0.8655
C100429,0.0829
C100430,0.0895
C100431,0.1681
C100432,0.1509
C100433,0.1209
C100434,0.0685
C100435,0.0196
C100436,0.0463
C100437,0.7705
C100438,0.255
C100439,0.0609
C100440,0.1472
C100441,0.0171
C100442,0.0733
C100443,0.3009
C100444,0.537
C100445,0.2113
C100446,0.4351
C100447,0.1135
C100448,0.9104
C100449,0.156
C100450,0.133
C100451,0.4767
C100452,0.2926
C100453,0.627
C100454,0.3604
C100455,0.1407
C100456,0.1857
C100457,0.0274
C100458,0.3857
C100459,0.2064
C100460,0.0806
C100461,0.0312
C100462,0.15
C100463,0.1611
C100464,0.0241
C100465,0.1961
C100466,0.1946
C100467,0.0838
C100468,0.2498
C100469,0.0924
C100470,0.1432
C100471,0.4008
C100472,0.1687
C100473,0.1919
C100474,0.492
C100475,0.1838
C100476,0.546
C100477,0.2101
C100478,0.0345
C100479,0.0434
C100480,0.106
C100481,0.2478
C100482,0.3575
C100483,0.1094
C100484,0.0322
C100485,0.1946
C100486,0.1572
C100487,0.1058
C100488,0.0408
C100489,0.0893
C100490,0.0288
C100491,0.3808
C100492,0.0733
C100493,0.1507
C100494,0.145
C100495,0.051
C100496,0.2552
C100497,0.2543
C100498,0.0722
C100499,0.0994
C100500,0.2515
C100501,0.0986
C100502,0.0581
C100503,0.0465
C100504,0.0808
C100505,0.0923
C100506,0.1905
C100507,0.0874
C100508,0.2265
C100509,0.0393
C100510,0.0413
C100511,0.1364
C100512,0.2311
C100513,0.168
C100514,0.1335
C100515,0.2351
C100516,0.1931
C100517,0.0524
C100518,0.0647
C100519,0.1026
C100520,0.1476
C100521,0.0595
C100522,0.1117
C100523,0.1805
C100524,0.0528
C100525,0.1132
C100526,0.3502
C100527,0.1709
C100528,0.0959
C100529,0.0788
C100530,0.4228
C100531,0.0531
C100532,0.0396
C100533,0.2753
C100534,0.0991
C100535,0.0399
C100536,0.4847
C100537,0.0235
C100538,0.192
C100539,0.1301
C100540,0.104
C100541,0.0875
C100542,0.1888
C100543,0.1269
C100544,0.8752
C100545,0.2052
C100546,0.027
C100547,0.0392
C100548,0.1989
C100549,0.1429
C100550,0.7423
C100551,0.5072
C100552,0.0754
C100553,0.0992
C100554,0.0637
C100555,0.036
C100556,0.0568
C100557,0.324
C100558,0.0592
C100559,0.0964
C100560,0.1277
C100561,0.2419
C100562,0.1225
C100563,0.3401
C100564,0.7096
C100565,0.0703
C100566,0.0502
C100567,0.2132
C100568,0.1907
C100569,0.0453
C100570,0.1097
C100571,0.1422
C100572,0.0545
C100573,0.3574
C100574,0.2352
C100575,0.7077
C100576,0.1951
C100577,0.3676
C100578,0.1001
C100579,0.1154
C100580,0.0333
C100581,0.054
C100582,0.2234
C100583,0.0442
C100584,0.0983
C100585,0.0918
C100586,0.6179
C100587,0.1619
C100588,0.1008
C100589,0.2097
C100590,0.0383
C100591,0.3106
C100592,0.0737
C100593,0.5371
C100594,0.1387
C100595,0.0105
C100596,0.4504
C100597,0.304
C100598,0.3446
C100599,0.0244
C100600,0.0569
C100601,0.0121
C100602,0.0533
C100603,0.0435
C100604,0.1337
C100605,0.1188
C100606,0.257
C100607,0.2564
C100608,0.2791
C100609,0.1208
C100610,0.6096
C100611,0.131
C100612,0.0916
C100613,0.1905
C100614,0.069
C100615,0.0769
C100616,0.0782
C100617,0.0638
C100618,0.0541
C100619,0.1611
C100620,0.0432
C100621,0.0628
C100622,0.0838
C100623,0.0605
C100624,0.1743
C100625,0.0429
C100626,0.3096
C100627,0.1997
C100628,0.1023
C100629,0.1839
C100630,0.269
C100631,0.06
C100632,0.1716
C100633,0.2274
C100634,0.5338
C100635,0.1384
C100636,0.0483
C100637,0.4654
C100638,0.7353
C100639,0.0541
C100640,0.0571
C100641,0.0427
C100642,0.4498
C100643,0.0789
C100644,0.0611
C100645,0.0574
C100646,0.1824
C100647,0.0854
C100648,0.1634
C100649,0.2577
C100650,0.0476
C100651,0.033
C100652,0.0539
C100653,0.0998
C100654,0.0732
C100655,0.1473
C100656,0.2691
C100657,0.6949
C100658,0.0631
C100659,0.3159
C100660,0.0517
C100661,0.1312
C100662,0.0636
C100663,0.2378
C100664,0.1016
C100665,0.0986
C100666,0.1029
C100667,0.145
C100668,0.2738
C100669,0.2193
C100670,0.6484
C100671,0.0703
C100672,0.1362
C100673,0.2407
C100674,0.0377
C100675,0.2886
C100676,0.0275
C100677,0.1385
C100678,0.0806
C100679,0.0706
C100680,0.0957
C100681,0.0176
C100682,0.1671
C100683,0.06
C100684,0.4835
C100685,0.4785
C100686,0.1051
C100687,0.0386
C100688,0.0821
C100689,0.0819
C100690,0.0843
C100691,0.0615
C100692,0.094
C100693,0.1178
C100694,0.1023
C100695,0.7304
C100696,0.1658
C100697,0.5837
C100698,0.5126
C100699,0.1518
C100700,0.0728
C100701,0.0264
C100702,0.2376
C100703,0.1092
C100704,0.0548
C100705,0.0428
C100706,0.2811
C100707,0.1718
C100708,0.0704
C100709,0.1878
C100710,0.1918
C100711,0.1761
C100712,0.1707
C100713,0.2045
C100714,0.167
C100715,0.2585
C100716,0.1784
C100717,0.1375
C100718,0.2162
C100719,0.868
C100720,0.0953
C100721,0.4203
C100722,0.2065
C100723,0.6401
C100724,0.1389
C100725,0.1737
C100726,0.3269
C100727,0.1486
C100728,0.2116
C100729,0.127
C100730,0.0383
C100731,0.2189
C100732,0.036
C100733,0.1019
C100734,0.1787
C100735,0.6029
C100736,0.0508
C100737,0.3304
C100738,0.117
C100739,0.223
C100740,0.2042
C100741,0.2295
C100742,0.2316
C100743,0.2847
C100744,0.5166
C100745,0.0942
C100746,0.0778
C100747,0.0525
C100748,0.0866
C100749,0.2495
C100750,0.0366
C100751,0.3149
C100752,0.0619
C100753,0.4497
C100754,0.0369
C100755,0.9008
C100756,0.194
C100757,0.1835
C100758,0.0384
C100759,0.1171
C100760,0.1212
C100761,0.0289
C100762,0.032
C100763,0.0769
C100764,0.0717
C100765,0.0658
C100766,0.1367
C100767,0.2188
C100768,0.137
C100769,0.0661
C100770,0.2059
C100771,0.3015
C100772,0.1609
C100773,0.0314
C100774,0.4203
C100775,0.5437
C100776,0.1425
C100777,0.076
C100778,0.2357
C100779,0.1907
C100780,0.038
C100781,0.1957
C100782,0.3691
C100783,0.0772
C100784,0.0497
C100785,0.0863
C100786,0.0895
C100787,0.0619
C100788,0.092
C100789,0.1682
C100790,0.3147
C100791,0.6213
C100792,0.2831
C100793,0.1928
C100794,0.0823
C100795,0.1914
C100796,0.0807
C100797,0.0616
C100798,0.3555
C100799,0.2513
C100800,0.1087
C100801,0.8562
C100802,0.1487
C100803,0.1598
C100804,0.1256
C100805,0.1315
C100806,0.4061
C100807,0.37
C100808,0.2217
C100809,0.0994
C100810,0.0692
C100811,0.0593
C100812,0.0945
C100813,0.1143
C100814,0.0757
C100815,0.0991
C100816,0.0679
C100817,0.0293
C100818,0.0973
C100819,0.3423
C100820,0.209
C100821,0.0809
C100822,0.0612
C100823,0.0728
C100824,0.2118
C100825,0.3509
C100826,0.1455
C100827,0.3611
C100828,0.1454
C100829,0.4146
C100830,0.0926
C100831,0.1221
C100832,0.5753
C100833,0.3411
C100834,0.1139
C100835,0.724
C100836,0.153
C100837,0.3841
C100838,0.3691
C100839,0.1736
C100840,0.6729
C100841,0.119
C100842,0.0772
C100843,0.0492
C100844,0.0573
C100845,0.1258
C100846,0.0376
C100847,0.1326
C100848,0.0822
C100849,0.8993
C100850,0.0824
C100851,0.2653
C100852,0.125
C100853,0.6518
C100854,0.2608
C100855,0.3819
C100856,0.0483
C100857,0.3029
C100858,0.1127
C100859,0.3912
C100860,0.0696
C100861,0.1271
C100862,0.0485
C100863,0.0909
C100864,0.0402
C100865,0.1998
C100866,0.0862
C100867,0.0594
C100868,0.175
C100869,0.077
C100870,0.1321
C100871,0.1106
C100872,0.1371
C100873,0.0747
C100874,0.4298
C100875,0.1864
C100876,0.0485
C100877,0.2341
C100878,0.0534
C100879,0.0257
C100880,0.5649
C100881,0.0568
C100882,0.1111
C100883,0.0924
C100884,0.1184
C100885,0.248
C100886,0.1038
C100887,0.2487
C100888,0.3556
C100889,0.2658
C100890,0.1483
C100891,0.0402
C100892,0.0251
C100893,0.0761
C100894,0.1006
C100895,0.1711
C100896,0.1302
C100897,0.143
C100898,0.0909
C100899,0.3367
C100900,0.1433
C100901,0.3629
C100902,0.1736
C100903,0.0798
C100904,0.1725
C100905,0.096
C100906,0.0767
C100907,0.1143
C100908,0.0443
C100909,0.0735
C100910,0.1449
C100911,0.038
C100912,0.0501
C100913,0.1247
C100914,0.6457
C100915,0.2766
C100916,0.688
C100917,0.3836
C100918,0.1716
C100919,0.0772
C100920,0.1037
C100921,0.2239
C100922,0.1465
C100923,0.146
C100924,0.1057
C100925,0.0521
C100926,0.0401
C100927,0.0661
C100928,0.0233
C100929,0.2233
C100930,0.2132
C100931,0.2909
C100932,0.0559
C100933,0.1323
C100934,0.1052
C100935,0.0409
C100936,0.4332
C100937,0.0404
C100938,0.6676
C100939,0.1483
C100940,0.1021
C100941,0.2239
C100942,0.1275
C100943,0.1054
C100944,0.4432
C100945,0.135
C100946,0.3501
C100947,0.0576
C100948,0.0572
C100949,0.0309
C100950,0.0952
C100951,0.1029
C100952,0.1215
C100953,0.3956
C100954,0.0631
C100955,0.1919
C100956,0.1092
C100957,0.089
C100958,0.3081
C100959,0.0386
C100960,0.2227
C100961,0.0615
C100962,0.1646
C100963,0.1989
C100964,0.229
C100965,0.2215
C100966,0.4612
C100967,0.2418
C100968,0.088
C100969,0.3665
C100970,0.133
C100971,0.382
C100972,0.2193
C100973,0.3945
C100974,0.0391
C100975,0.5066
C100976,0.3743
C100977,0.1314
C100978,0.2795
C100979,0.0905
C100980,0.0514
C100981,0.0426
C100982,0.5749
C100983,0.2174
C100984,0.1059
C100985,0.2855
C100986,0.0578
C100987,0.1277
C100988,0.1844
C100989,0.257
C100990,0.6349
C100991,0.0754
C100992,0.1179
C100993,0.5687
C100994,0.0737
C100995,0.1642
C100996,0.4538
C100997,0.2193
C100998,0.0548
C100999,0.0669
C101000,0.1396
C101001,0.637
C101002,0.1512
C101003,0.0502
C101004,0.1291
C101005,0.0749
C101006,0.5915
C101007,0.0264
C101008,0.0971
C101009,0.0411
C101010,0.0519
C101011,0.4093
C101012,0.0985
C101013,0.3278
C101014,0.0415
C101015,0.1657
C101016,0.1769
C101017,0.1176
C101018,0.0944
C101019,0.0554
C101020,0.3052
C101021,0.0552
C101022,0.1294
C101023,0.0852
C101024,0.0567
C101025,0.1795
C101026,0.0439
C101027,0.5494
C101028,0.1593
C101029,0.0345
C101030,0.1982
C101031,0.0728
C101032,0.068
C101033,0.446
C101034,0.0548
C101035,0.107
C101036,0.0582
C101037,0.4339
C101038,0.1564
C101039,0.3315
C101040,0.4283
C101041,0.1447
C101042,0.0454
C101043,0.0298
C101044,0.2111
C101045,0.3639
C101046,0.116
C101047,0.2897
C101048,0.3293
C101049,0.2539
C101050,0.3215
C101051,0.0568
C101052,0.2892
C101053,0.1149
C101054,0.0556
C101055,0.212
C101056,0.1343
C101057,0.0764
C101058,0.092
C101059,0.0422
C101060,0.1381
C101061,0.1075
C101062,0.0817
C101063,0.0662
C101064,0.195
C101065,0.193
C101066,0.4004
C101067,0.0762
C101068,0.1992
C101069,0.3195
C101070,0.2097
C101071,0.3307
C101072,0.0814
C101073,0.0338
C101074,0.1444
C101075,0.124
C101076,0.0851
C101077,0.5585
C101078,0.1729
C101079,0.2577
C101080,0.1413
C101081,0.0915
C101082,0.0809
C101083,0.0809
C101084,0.0156
C101085,0.0604
C101086,0.1675
C101087,0.0267
C101088,0.1128
C101089,0.6074
C101090,0.066
C101091,0.1269
C101092,0.1764
C101093,0.3004
C101094,0.1537
C101095,0.2275
C101096,0.3513
C101097,0.2118
C101098,0.5758
C101099,0.0864
C101100,0.1618
C101101,0.1532
C101102,0.0396
C101103,0.3549
C101104,0.0914
C101105,0.1147
C101106,0.0553
C101107,0.1434
C101108,0.0701
C101109,0.0876
C101110,0.0207
C101111,0.051
C101112,0.1036
C101113,0.3185
C101114,0.1462
C101115,0.3269
C101116,0.3668
C101117,0.1056
C101118,0.0671
C101119,0.0855
C101120,0.0068
C101121,0.2966
C101122,0.2918
C101123,0.0366
C101124,0.6431
C101125,0.4146
C101126,0.0204
C101127,0.119
C101128,0.1748
C101129,0.1108
C101130,0.3804
C101131,0.3108
C101132,0.2093
C101133,0.1481
C101134,0.3059
C101135,0.1202
C101136,0.4381
C101137,0.0365
C101138,0.1921
C101139,0.1674
C101140,0.0115
C101141,0.0226
C101142,0.2425
C101143,0.1532
C101144,0.1217
C101145,0.1846
C101146,0.18
C101147,0.4804
C101148,0.312
C101149,0.1741
C101150,0.1247
C101151,0.0876
C101152,0.0452
C101153,0.3553
C101154,0.0885
C101155,0.0591
C101156,0.0665
C101157,0.1218
C101158,0.0817
C101159,0.1157
C101160,0.6024
C101161,0.5006
C101162,0.43
C101163,0.2396
C101164,0.2242
C101165,0.0998
C101166,0.2762
C101167,0.1046
C101168,0.0374
C101169,0.3527
C101170,0.21
C101171,0.066
C101172,0.4793
C101173,0.0902
C101174,0.1275
C101175,0.2982
C101176,0.3408
C101177,0.2411
C101178,0.0796
C101179,0.0313
C101180,0.083
C101181,0.1549
C101182,0.2467
C101183,0.0215
C101184,0.0675
C101185,0.1127
C101186,0.0603
C101187,0.0698
C101188,0.1323
C101189,0.1889
C101190,0.0719
C101191,0.0068
C101192,0.1125
C101193,0.06
C101194,0.0872
C101195,0.1494
C101196,0.0445
C101197,0.2479
C101198,0.0445
C101199,0.1671
C101200,0.2269
C101201,0.2375
C101202,0.3596
C101203,0.3058
C101204,0.4054
C101205,0.0695
C101206,0.0307
C101207,0.0479
C101208,0.3024
C101209,0.0602
C101210,0.1276
C101211,0.0562
C101212,0.5662
C101213,0.4037
C101214,0.383
C101215,0.0524
C101216,0.795
C101217,0.4928
C101218,0.3561
C101219,0.1601
C101220,0.0152
C101221,0.5411
C101222,0.0803
C101223,0.1533
C101224,0.0406
C101225,0.1663
C101226,0.0772
C101227,0.1492
C101228,0.2317
C101229,0.1757
C101230,0.0447
C101231,0.1658
C101232,0.071
C101233,0.0416
C101234,0.1364
C101235,0.076
C101236,0.2231
C101237,0.3921
C101238,0.1888
C101239,0.1228
C101240,0.0586
C101241,0.256
C101242,0.0429
C101243,0.0309
C101244,0.0377
C101245,0.0697
C101246,0.1003
C101247,0.1118
C101248,0.1558
C101249,0.4913
C101250,0.0603
C101251,0.3115
C101252,0.4116
C101253,0.1412
C101254,0.1171
C101255,0.0428
C101256,0.0358
C101257,0.0408
C101258,0.1243
C101259,0.1089
C101260,0.0828
C101261,0.1352
C101262,0.146
C101263,0.0558
C101264,0.1171
C101265,0.3034
C101266,0.1122
C101267,0.101
C101268,0.3173
C101269,0.3174
C101270,0.1632
C101271,0.0438
C101272,0.1967
C101273,0.1401
C101274,0.0892
C101275,0.2015
C101276,0.3879
C101277,0.0198
C101278,0.3242
C101279,0.1025
C101280,0.0339
C101281,0.0568
C101282,0.2466
C101283,0.2243
C101284,0.107
C101285,0.0288
C101286,0.3133
C101287,0.0585
C101288,0.124
C101289,0.2352
C101290,0.4017
C101291,0.327
C101292,0.0401
C101293,0.5082
C101294,0.1231
C101295,0.4578
C101296,0.2404
C101297,0.5121
C101298,0.067
C101299,0.2471
C101300,0.0649
C101301,0.1318
C101302,0.0315
C101303,0.2016
C101304,0.2435
C101305,0.1573
C101306,0.2205
C101307,0.1112
C101308,0.196
C101309,0.2823
C101310,0.2495
C101311,0.3118
C101312,0.5905
C101313,0.1118
C101314,0.5668
C101315,0.2036
C101316,0.3101
C101317,0.071
C101318,0.6333
C101319,0.1288
C101320,0.0932
C101321,0.4601
C101322,0.0832
C101323,0.1514
C101324,0.1554
C101325,0.0711
C101326,0.0562
C101327,0.0941
C101328,0.1145
C101329,0.1324
C101330,0.499
C101331,0.3018
C101332,0.2474
C101333,0.062
C101334,0.5603
C101335,0.0448
C101336,0.1602
C101337,0.3049
C101338,0.5006
C101339,0.2064
C101340,0.6767
C101341,0.4039
C101342,0.0354
C101343,0.0293
C101344,0.2314
C101345,0.176
C101346,0.1014
C101347,0.026
C101348,0.045
C101349,0.1075
C101350,0.2969
C101351,0.2204
C101352,0.0724
C101353,0.4787
C101354,0.065
C101355,0.294
C101356,0.6467
C101357,0.3556
C101358,0.2051
C101359,0.4528
C101360,0.3664
C101361,0.5105
C101362,0.1749
C101363,0.2081
C101364,0.094
C101365,0.2713
C101366,0.072
C101367,0.0525
C101368,0.3254
C101369,0.1977
C101370,0.581
C101371,0.1197
C101372,0.1086
C101373,0.7162
C101374,0.1368
C101375,0.1694
C101376,0.0106
C101377,0.1086
C101378,0.2279
C101379,0.245
C101380,0.3559
C101381,0.4385
C101382,0.0946
C101383,0.1049
C101384,0.2566
C101385,0.2296
C101386,0.056
C101387,0.1434
C101388,0.2513
C101389,0.0469
C101390,0.1374
C101391,0.1512
C101392,0.209
C101393,0.047
C101394,0.2218
C101395,0.1599
C101396,0.5474
C101397,0.0616
C101398,0.0382
C101399,0.0563
C101400,0.2007
C101401,0.4082
C101402,0.245
C101403,0.078
C101404,0.0215
C101405,0.0274
C101406,0.9084
C101407,0.0493
C101408,0.0646
C101409,0.4447
C101410,0.4411
C101411,0.0334
C101412,0.2808
C101413,0.0377
C101414,0.0684
C101415,0.1558
C101416,0.1178
C101417,0.4222
C101418,0.2796
C101419,0.1502
C101420,0.1815
C101421,0.284
C101422,0.0642
C101423,0.0535
C101424,0.0492
C101425,0.2395
C101426,0.0662
C101427,0.1605
C101428,0.027
C101429,0.1007
C101430,0.5144
C101431,0.2852
C101432,0.3095
C101433,0.2551
C101434,0.1299
C101435,0.0715
C101436,0.2606
C101437,0.3649
C101438,0.2053
C101439,0.3071
C101440,0.043
C101441,0.0703
C101442,0.2204
C101443,0.2258
C101444,0.2213
C101445,0.2943
C101446,0.1283
C101447,0.0428
C101448,0.0914
C101449,0.091
C101450,0.0674
C101451,0.2492
C101452,0.1565
C101453,0.3304
C101454,0.1349
C101455,0.0926
C101456,0.1597
C101457,0.8823
C101458,0.1515
C101459,0.2363
C101460,0.0724
C101461,0.5212
C101462,0.2024
C101463,0.7373
C101464,0.2959
C101465,0.0307
C101466,0.0609
C101467,0.136
C101468,0.2759
C101469,0.0609
C101470,0.1636
C101471,0.1897
C101472,0.0258
C101473,0.1258
C101474,0.0704
C101475,0.1974
C101476,0.1542
C101477,0.3386
C101478,0.1558
C101479,0.2483
C101480,0.27
C101481,0.0344
C101482,0.1155
C101483,0.0756
C101484,0.0849
C101485,0.0431
C101486,0.0996
C101487,0.0727
C101488,0.0181
C101489,0.2289
C101490,0.1632
C101491,0.0209
C101492,0.4444
C101493,0.1716
C101494,0.0531
C101495,0.0544
C101496,0.6707
C101497,0.0182
C101498,0.0303
C101499,0.1958
C101500,0.0528
C101501,0.4341
C101502,0.1245
C101503,0.3164
C101504,0.477
C101505,0.5004
C101506,0.2917
C101507,0.2097
C101508,0.1798
C101509,0.234
C101510,0.158
C101511,0.2366
C101512,0.1329
C101513,0.1718
C101514,0.087
C101515,0.2817
C101516,0.1914
C101517,0.0752
C101518,0.3415
C101519,0.0181
C101520,0.4604
C101521,0.1007
C101522,0.0936
C101523,0.2208
C101524,0.1784
C101525,0.0319
C101526,0.027
C101527,0.2086
C101528,0.2584
C101529,0.1976
C101530,0.2085
C101531,0.0994
C101532,0.3258
C101533,0.0573
C101534,0.0584
C101535,0.2138
C101536,0.3609
C101537,0.0558
C101538,0.3088
C101539,0.1678
C101540,0.5076
C101541,0.0627
C101542,0.0791
C101543,0.0535
C101544,0.0133
C101545,0.248
C101546,0.149
C101547,0.0919
C101548,0.0214
C101549,0.4601
C101550,0.1771
C101551,0.1114
C101552,0.4381
C101553,0.2296
C101554,0.254
C101555,0.2581
C101556,0.0419
C101557,0.0419
C101558,0.1157
C101559,0.5978
C101560,0.212
C101561,0.0738
C101562,0.0871
C101563,0.1267
C101564,0.0237
C101565,0.2398
C101566,0.3414
C101567,0.152
C101568,0.0295
C101569,0.1214
C101570,0.1545
C101571,0.232
C101572,0.1454
C101573,0.0566
C101574,0.0376
C101575,0.1519
C101576,0.4561
C101577,0.0636
C101578,0.0707
C101579,0.0718
C101580,0.1939
C101581,0.1244
C101582,0.8071
C101583,0.1361
C101584,0.1644
C101585,0.0608
C101586,0.0508
C101587,0.3529
C101588,0.1096
C101589,0.4291
C101590,0.1552
C101591,0.087
C101592,0.1118
C101593,0.121
C101594,0.1786
C101595,0.0429
C101596,0.1223
C101597,0.1054
C101598,0.2522
C101599,0.1003
C101600,0.0945
C101601,0.5922
C101602,0.0878
C101603,0.1777
C101604,0.0437
C101605,0.6118
C101606,0.1059
C101607,0.092
C101608,0.2913
C101609,0.5801
C101610,0.0611
C101611,0.563
C101612,0.2727
C101613,0.0839
C101614,0.3103
C101615,0.2486
C101616,0.5971
C101617,0.0973
C101618,0.4769
C101619,0.4197
C101620,0.1117
C101621,0.0317
C101622,0.1882
C101623,0.2891
C101624,0.1834
C101625,0.1882
C101626,0.0592
C101627,0.1149
C101628,0.3269
C101629,0.2112
C101630,0.5042
C101631,0.0352
C101632,0.2666
C101633,0.0492
C101634,0.2827
C101635,0.0904
C101636,0.0643
C101637,0.0293
C101638,0.1294
C101639,0.0255
C101640,0.3962
C101641,0.6022
C101642,0.0613
C101643,0.0354
C101644,0.0781
C101645,0.0374
C101646,0.1316
C101647,0.0773
C101648,0.0751
C101649,0.2296
C101650,0.162
C101651,0.5427
C101652,0.1585
C101653,0.0367
C101654,0.1742
C101655,0.0819
C101656,0.0652
C101657,0.0858
C101658,0.0844
C101659,0.1804
C101660,0.2028
C101661,0.1438
C101662,0.6388
C101663,0.5922
C101664,0.0795
C101665,0.1356
C101666,0.1929
C101667,0.1607
C101668,0.526
C101669,0.17
C101670,0.0627
C101671,0.0583
C101672,0.2566
C101673,0.0293
C101674,0.3661
C101675,0.169
C101676,0.1525
C101677,0.0582
C101678,0.5321
C101679,0.4907
C101680,0.2232
C101681,0.1068
C101682,0.2099
C101683,0.0978
C101684,0.0781
C101685,0.1931
C101686,0.1635
C101687,0.0632
C101688,0.1156
C101689,0.0253
C101690,0.0977
C101691,0.2034
C101692,0.1497
C101693,0.3397
C101694,0.9041
C101695,0.0298
C101696,0.0803
C101697,0.3674
C101698,0.2761
C101699,0.2335
C101700,0.1331
C101701,0.0475
C101702,0.2969
C101703,0.1794
C101704,0.1042
C101705,0.0968
C101706,0.4195
C101707,0.1187
C101708,0.3377
C101709,0.1978
C101710,0.118
C101711,0.1603
C101712,0.145
C101713,0.0329
C101714,0.3627
C101715,0.308
C101716,0.1681
C101717,0.0598
C101718,0.279
C101719,0.292
C101720,0.2062
C101721,0.1432
C101722,0.0563
C101723,0.1051
C101724,0.2149
C101725,0.3485
C101726,0.1131
C101727,0.1547
C101728,0.1068
C101729,0.0385
C101730,0.5163
C101731,0.3298
C101732,0.033
C101733,0.0789
C101734,0.1331
C101735,0.3936
C101736,0.057
C101737,0.1135
C101738,0.2481
C101739,0.3378
C101740,0.092
C101741,0.0345
C101742,0.1774
C101743,0.6498
C101744,0.0509
C101745,0.5894
C101746,0.0356
C101747,0.1001
C101748,0.174
C101749,0.3457
C101750,0.0345
C101751,0.1159
C101752,0.1189
C101753,0.6518
C101754,0.1758
C101755,0.147
C101756,0.2259
C101757,0.1077
C101758,0.0575
C101759,0.0403
C101760,0.0816
C101761,0.3428
C101762,0.1969
C101763,0.126
C101764,0.0711
C101765,0.0273
C101766,0.0219
C101767,0.2734
C101768,0.0998
C101769,0.1072
C101770,0.302
C101771,0.7568
C101772,0.2737
C101773,0.2197
C101774,0.2234
C101775,0.0709
C101776,0.4147
C101777,0.1306
C101778,0.1986
C101779,0.0924
C101780,0.0327
C101781,0.0913
C101782,0.2588
C101783,0.1011
C101784,0.1214
C101785,0.4681
C101786,0.2381
C101787,0.1995
C101788,0.1267
C101789,0.7107
C101790,0.3996
C101791,0.2567
C101792,0.2305
C101793,0.0421
C101794,0.142
C101795,0.1178
C101796,0.1343
C101797,0.2729
C101798,0.1141
C101799,0.0462
C101800,0.1274
C101801,0.0574
C101802,0.0762
C101803,0.5326
C101804,0.4428
C101805,0.0476
C101806,0.1329
C101807,0.2636
C101808,0.3268
C101809,0.9399
C101810,0.0409
C101811,0.0406
C101812,0.0699
C101813,0.1823
C101814,0.0341
C101815,0.1291
C101816,0.3218
C101817,0.6981
C101818,0.0784
C101819,0.0584
C101820,0.2211
C101821,0.4348
C101822,0.3056
C101823,0.6115
C101824,0.1124
C101825,0.0224
C101826,0.4709
C101827,0.2171
C101828,0.1954
C101829,0.0381
C101830,0.2473
C101831,0.2175
C101832,0.3353
C101833,0.1557
C101834,0.0618
C101835,0.0936
C101836,0.0915
C101837,0.3103
C101838,0.2431
C101839,0.0378
C101840,0.1256
C101841,0.0532
C101842,0.5897
C101843,0.4096
C101844,0.1169
C101845,0.1034
C101846,0.375
C101847,0.0403
C101848,0.4432
C101849,0.4579
C101850,0.0742
C101851,0.1372
C101852,0.0494
C101853,0.1
C101854,0.271
C101855,0.205
C101856,0.2407
C101857,0.0485
C101858,0.3625
C101859,0.1803
C101860,0.2575
C101861,0.4171
C101862,0.107
C101863,0.1723
C101864,0.1133
C101865,0.2543
C101866,0.8664
C101867,0.2633
C101868,0.0476
C101869,0.5515
C101870,0.0598
C101871,0.6191
C101872,0.0748
C101873,0.048
C101874,0.2569
C101875,0.1146
C101876,0.176
C101877,0.2244
C101878,0.081
C101879,0.0684
C101880,0.1119
C101881,0.1409
C101882,0.2931
C101883,0.3537
C101884,0.0516
C101885,0.5937
C101886,0.1422
C101887,0.0241
C101888,0.2603
C101889,0.0858
C101890,0.2344
C101891,0.0399
C101892,0.0391
C101893,0.1819
C101894,0.2765
C101895,0.0468
C101896,0.0544
C101897,0.156
C101898,0.1356
C101899,0.1787
C101900,0.1535
C101901,0.0591
C101902,0.0702
C101903,0.0987
C101904,0.2491
C101905,0.5773
C101906,0.0553
C101907,0.0695
C101908,0.1244
C101909,0.1169
C101910,0.1945
C101911,0.2608
C101912,0.1951
C101913,0.7025
C101914,0.5168
C101915,0.0393
C101916,0.0416
C101917,0.052
C101918,0.1863
C101919,0.1597
C101920,0.3027
C101921,0.2522
C101922,0.4394
C101923,0.1122
C101924,0.3029
C101925,0.4117
C101926,0.2376
C101927,0.086
C101928,0.4659
C101929,0.2986
C101930,0.7078
C101931,0.2523
C101932,0.6843
C101933,0.6819
C101934,0.1627
C101935,0.2665
C101936,0.0965
C101937,0.1332
C101938,0.393
C101939,0.0461
C101940,0.393
C101941,0.0811
C101942,0.2104
C101943,0.1823
C101944,0.1594
C101945,0.0812
C101946,0.06
C101947,0.0474
C101948,0.252
C101949,0.2351
C101950,0.6912
C101951,0.0657
C101952,0.2056
C101953,0.1367
C101954,0.3105
C101955,0.1716
C101956,0.2282
C101957,0.3614
C101958,0.1595
C101959,0.3218
C101960,0.2896
C101961,0.6352
C101962,0.0923
C101963,0.3759
C101964,0.0958
C101965,0.1443
C101966,0.2146
C101967,0.1147
C101968,0.1293
C101969,0.0757
C101970,0.298
C101971,0.0851
C101972,0.3541
C101973,0.0235
C101974,0.0459
C101975,0.6894
C101976,0.051
C101977,0.0981
C101978,0.473
C101979,0.4789
C101980,0.2658
C101981,0.0792
C101982,0.6042
C101983,0.1124
C101984,0.0993
C101985,0.505
C101986,0.0941
C101987,0.2935
C101988,0.2042
C101989,0.0929
C101990,0.299
C101991,0.1192
C101992,0.1946
C101993,0.0193
C101994,0.1304
C101995,0.1546
C101996,0.2206
C101997,0.0742
C101998,0.535
C101999,0.167
C102000,0.1901
C102001,0.1162
C102002,0.1982
C102003,0.0857
C102004,0.3041
C102005,0.2649
C102006,0.583
C102007,0.2433
C102008,0.0625
C102009,0.1665
C102010,0.1083
C102011,0.0457
C102012,0.1828
C102013,0.0781
C102014,0.1208
C102015,0.1732
C102016,0.0289
C102017,0.2449
C102018,0.0835
C102019,0.1327
C102020,0.2088
C102021,0.0661
C102022,0.7209
C102023,0.1687
C102024,0.3979
C102025,0.0436
C102026,0.647
C102027,0.1234
C102028,0.2119
C102029,0.1951
C102030,0.5447
C102031,0.2942
C102032,0.2408
C102033,0.1931
C102034,0.0785
C102035,0.088
C102036,0.0751
C102037,0.2341
C102038,0.0858
C102039,0.2782
C102040,0.182
C102041,0.5233
C102042,0.3118
C102043,0.0853
C102044,0.0631
C102045,0.3819
C102046,0.3763
C102047,0.0676
C102048,0.0951
C102049,0.1612
C102050,0.3978
C102051,0.2305
C102052,0.3646
C102053,0.4104
C102054,0.2609
C102055,0.1038
C102056,0.0365
C102057,0.0612
C102058,0.0876
C102059,0.1362
C102060,0.1924
C102061,0.1901
C102062,0.3336
C102063,0.1583
C102064,0.2979
C102065,0.0085
C102066,0.0401
C102067,0.023
C102068,0.3346
C102069,0.3301
C102070,0.0949
C102071,0.0371
C102072,0.0242
C102073,0.1311
C102074,0.1644
C102075,0.0531
C102076,0.1191
C102077,0.3693
C102078,0.2557
C102079,0.1044
C102080,0.7638
C102081,0.0876
C102082,0.4514
C102083,0.1507
C102084,0.0583
C102085,0.0607
C102086,0.2757
C102087,0.0598
C102088,0.5399
C102089,0.1732
C102090,0.021
C102091,0.2101
C102092,0.0839
C102093,0.1797
C102094,0.0557
C102095,0.227
C102096,0.1371
C102097,0.1207
C102098,0.2539
C102099,0.1547
C102100,0.2774
C102101,0.34
C102102,0.076
C102103,0.0532
C102104,0.1427
C102105,0.2299
C102106,0.2222
C102107,0.2743
C102108,0.2593
C102109,0.1697
C102110,0.2084
C102111,0.1234
C102112,0.2647
C102113,0.017
C102114,0.0797
C102115,0.3711
C102116,0.2185
C102117,0.1319
C102118,0.3302
C102119,0.1395
C102120,0.1735
C102121,0.1486
C102122,0.4248
C102123,0.0277
C102124,0.1984
C102125,0.1352
C102126,0.0434
C102127,0.0934
C102128,0.0375
C102129,0.262
C102130,0.1357
C102131,0.597
C102132,0.0257
C102133,0.1404
C102134,0.102
C102135,0.1813
C102136,0.2508
C102137,0.1025
C102138,0.0392
C102139,0.1128
C102140,0.0745
C102141,0.1063
C102142,0.1605
C102143,0.3963
C102144,0.0524
C102145,0.1026
C102146,0.0885
C102147,0.2851
C102148,0.0181
C102149,0.0935
C102150,0.1834
C102151,0.1552
C102152,0.0295
C102153,0.4829
C102154,0.0286
C102155,0.1074
C102156,0.1244
C102157,0.0936
C102158,0.0858
C102159,0.1419
C102160,0.0981
C102161,0.076
C102162,0.1414
C102163,0.0925
C102164,0.1249
C102165,0.1455
C102166,0.0474
C102167,0.1087
C102168,0.4972
C102169,0.0443
C102170,0.2022
C102171,0.0956
C102172,0.0864
C102173,0.1436
C102174,0.4758
C102175,0.1619
C102176,0.3775
C102177,0.0612
C102178,0.4679
C102179,0.0667
C102180,0.3491
C102181,0.0678
C102182,0.1496
C102183,0.2644
C102184,0.1918
C102185,0.4312
C102186,0.8635
C102187,0.1287
C102188,0.1902
C102189,0.0696
C102190,0.3374
C102191,0.1481
C102192,0.0288
C102193,0.7579
C102194,0.592
C102195,0.0958
C102196,0.0508
C102197,0.1496
C102198,0.3328
C102199,0.1406
C102200,0.0552
C102201,0.6169
C102202,0.0435
C102203,0.1188
C102204,0.0398
C102205,0.0968
C102206,0.1272
C102207,0.1695
C102208,0.1833
C102209,0.1645
C102210,0.5819
C102211,0.3996
C102212,0.3378
C102213,0.8848
C102214,0.0652
C102215,0.297
C102216,0.2147
C102217,0.1045
C102218,0.1544
C102219,0.108
C102220,0.09
C102221,0.6565
C102222,0.0839
C102223,0.2566
C102224,0.1042
C102225,0.3624
C102226,0.7199
C102227,0.3135
C102228,0.2516
C102229,0.0469
C102230,0.1339
C102231,0.4237
C102232,0.5751
C102233,0.2317
C102234,0.0757
C102235,0.278
C102236,0.1361
C102237,0.2179
C102238,0.0702
C102239,0.6821
C102240,0.5926
C102241,0.1207
C102242,0.183
C102243,0.4017
C102244,0.0612
C102245,0.2407
C102246,0.3477
C102247,0.1401
C102248,0.0671
C102249,0.1792
C102250,0.2229
C102251,0.283
C102252,0.3889
C102253,0.2679
C102254,0.32
C102255,0.0392
C102256,0.1045
C102257,0.5303
C102258,0.0623
C102259,0.1993
C102260,0.1642
C102261,0.39
C102262,0.0531
C102263,0.2356
C102264,0.1743
C102265,0.4481
C102266,0.533
C102267,0.1557
C102268,0.3734
C102269,0.0955
C102270,0.0278
C102271,0.0272
C102272,0.1136
C102273,0.0771
C102274,0.1189
C102275,0.0666
C102276,0.0356
C102277,0.1541
C102278,0.1362
C102279,0.5184
C102280,0.2492
C102281,0.6295
C102282,0.1613
C102283,0.038
C102284,0.403
C102285,0.0972
C102286,0.4831
C102287,0.1259
C102288,0.1631
C102289,0.264
C102290,0.2581
C102291,0.0666
C102292,0.1054
C102293,0.1101
C102294,0.1042
C102295,0.1547
C102296,0.3083
C102297,0.2058
C102298,0.0457
C102299,0.2808
C102300,0.1483
C102301,0.1948
C102302,0.0605
C102303,0.12
C102304,0.8691
C102305,0.1895
C102306,0.0494
C102307,0.0282
C102308,0.2781
C102309,0.1343
C102310,0.2252
C102311,0.7289
C102312,0.2608
C102313,0.3982
C102314,0.046
C102315,0.0619
C102316,0.0352
C102317,0.1128
C102318,0.4259
C102319,0.034
C102320,0.8043
C102321,0.6797
C102322,0.0767
C102323,0.17
C102324,0.1088
C102325,0.1131
C102326,0.0923
C102327,0.2458
C102328,0.0594
C102329,0.2393
C102330,0.1108
C102331,0.0448
C102332,0.13
C102333,0.3792
C102334,0.2371
C102335,0.1954
C102336,0.0922
C102337,0.1532
C102338,0.1259
C102339,0.217
C102340,0.1852
C102341,0.0468
C102342,0.1569
C102343,0.0562
C102344,0.0964
C102345,0.0866
C102346,0.1759
C102347,0.4086
C102348,0.0655
C102349,0.5518
C102350,0.0902
C102351,0.1484
C102352,0.159
C102353,0.1436
C102354,0.3704
C102355,0.4528
C102356,0.1028
C102357,0.2781
C102358,0.564
C102359,0.2292
C102360,0.0813
C102361,0.2925
C102362,0.5169
C102363,0.205
C102364,0.1595
C102365,0.1879
C102366,0.1608
C102367,0.1451
C102368,0.1038
C102369,0.5289
C102370,0.3441
C102371,0.0694
C102372,0.0741
C102373,0.2395
C102374,0.384
C102375,0.031
C102376,0.3028
C102377,0.2696
C102378,0.532
C102379,0.4272
C102380,0.7042
C102381,0.2267
C102382,0.7492
C102383,0.1264
C102384,0.2185
C102385,0.4209
C102386,0.1805
C102387,0.0333
C102388,0.1244
C102389,0.4051
C102390,0.2727
C102391,0.3318
C102392,0.0728
C102393,0.1598
C102394,0.088
C102395,0.1009
C102396,0.0299
C102397,0.1801
C102398,0.1394
C102399,0.3061
C102400,0.1709
C102401,0.2941
C102402,0.1439
C102403,0.2576
C102404,0.1667
C102405,0.1081
C102406,0.199
C102407,0.0177
C102408,0.1193
C102409,0.4903
C102410,0.152
C102411,0.0833
C102412,0.3101
C102413,0.0484
C102414,0.2066
C102415,0.3862
C102416,0.0951
C102417,0.2524
C102418,0.2618
C102419,0.0725
C102420,0.325
C102421,0.0996
C102422,0.1238
C102423,0.3684
C102424,0.1287
C102425,0.4988
C102426,0.3754
C102427,0.2821
C102428,0.0253
C102429,0.0649
C102430,0.2499
C102431,0.0288
C102432,0.0403
C102433,0.2839
C102434,0.1737
C102435,0.2624
C102436,0.4067
C102437,0.0173
C102438,0.5855
C102439,0.0829
C102440,0.221
C102441,0.2428
C102442,0.1954
C102443,0.0871
C102444,0.1993
C102445,0.4556
C102446,0.8353
C102447,0.2953
C102448,0.0407
C102449,0.9287
C102450,0.4532
C102451,0.0989
C102452,0.103
C102453,0.0771
C102454,0.4464
C102455,0.0581
C102456,0.0879
C102457,0.0798
C102458,0.0572
C102459,0.3492
C102460,0.1068
C102461,0.0977
C102462,0.1754
C102463,0.5557
C102464,0.0944
C102465,0.0221
C102466,0.0999
C102467,0.0541
C102468,0.0638
C102469,0.225
C102470,0.2221
C102471,0.046
C102472,0.1282
C102473,0.0235
C102474,0.0443
C102475,0.4723
C102476,0.1521
C102477,0.0615
C102478,0.1745
C102479,0.0613
C102480,0.3427
C102481,0.0574
C102482,0.1739
C102483,0.2871
C102484,0.0534
C102485,0.4532
C102486,0.2143
C102487,0.0877
C102488,0.4509
C102489,0.8497
C102490,0.0663
C102491,0.0955
C102492,0.0479
C102493,0.1701
C102494,0.0778
C102495,0.1276
C102496,0.0364
C102497,0.3426
C102498,0.0909
C102499,0.0873
C102500,0.352
C102501,0.5927
C102502,0.0998
C102503,0.0675
C102504,0.1267
C102505,0.1695
C102506,0.2431
C102507,0.1764
C102508,0.0637
C102509,0.1214
C102510,0.1821
C102511,0.0718
C102512,0.1767
C102513,0.0506
C102514,0.036
C102515,0.043
C102516,0.0926
C102517,0.2067
C102518,0.3936
C102519,0.324
C102520,0.0733
C102521,0.1182
C102522,0.3335
C102523,0.1762
C102524,0.0873
C102525,0.1793
C102526,0.0514
C102527,0.1384
C102528,0.0687
C102529,0.38
C102530,0.6733
C102531,0.1562
C102532,0.0525
C102533,0.3986
C102534,0.1104
C102535,0.058
C102536,0.1017
C102537,0.1489
C102538,0.0132
C102539,0.5139
C102540,0.1377
C102541,0.3424
C102542,0.0183
C102543,0.1206
C102544,0.2031
C102545,0.035
C102546,0.1424
C102547,0.0783
C102548,0.8203
C102549,0.0854
C102550,0.3278
C102551,0.0435
C102552,0.0351
C102553,0.0639
C102554,0.0568
C102555,0.0686
C102556,0.6306
C102557,0.3502
C102558,0.2136
C102559,0.0687
C102560,0.3811
C102561,0.1005
C102562,0.0692
C102563,0.2098
C102564,0.1342
C102565,0.1845
C102566,0.1748
C102567,0.0897
C102568,0.0342
C102569,0.0922
C102570,0.078
C102571,0.0668
C102572,0.3369
C102573,0.1033
C102574,0.0246
C102575,0.0746
C102576,0.1279
C102577,0.4342
C102578,0.2722
C102579,0.2606
C102580,0.5967
C102581,0.0467
C102582,0.158
C102583,0.7765
C102584,0.0782
C102585,0.0665
C102586,0.0754
C102587,0.1438
C102588,0.1746
C102589,0.1394
C102590,0.867
C102591,0.3902
C102592,0.2209
C102593,0.4729
C102594,0.329
C102595,0.344
C102596,0.3256
C102597,0.1048
C102598,0.0276
C102599,0.0632
C102600,0.0818
C102601,0.0572
C102602,0.0165
C102603,0.061
C102604,0.1509
C102605,0.0715
C102606,0.1369
C102607,0.3351
C102608,0.1911
C102609,0.0603
C102610,0.588
C102611,0.2797
C102612,0.2608
C102613,0.2443
C102614,0.3561
C102615,0.1936
C102616,0.0567
C102617,0.0272
C102618,0.08
C102619,0.3598
C102620,0.0169
C102621,0.0467
C102622,0.4872
C102623,0.1323
C102624,0.0521
C102625,0.1675
C102626,0.1112
C102627,0.0287
C102628,0.2923
C102629,0.2788
C102630,0.0739
C102631,0.0293
C102632,0.4297
C102633,0.241
C102634,0.1818
C102635,0.8486
C102636,0.2891
C102637,0.3092
C102638,0.2217
C102639,0.415
C102640,0.1932
C102641,0.2451
C102642,0.081
C102643,0.1697
C102644,0.5099
C102645,0.2913
C102646,0.2271
C102647,0.2096
C102648,0.0988
C102649,0.5327
C102650,0.0639
C102651,0.711
C102652,0.1028
C102653,0.1246
C102654,0.0357
C102655,0.3292
C102656,0.314
C102657,0.3681
C102658,0.0669
C102659,0.317
C102660,0.2127
C102661,0.3569
C102662,0.4227
C102663,0.0721
C102664,0.4116
C102665,0.1727
C102666,0.5146
C102667,0.2776
C102668,0.0405
C102669,0.3977
C102670,0.3449
C102671,0.4837
C102672,0.046
C102673,0.148
C102674,0.3228
C102675,0.1173
C102676,0.0993
C102677,0.191
C102678,0.077
C102679,0.8389
C102680,0.5625
C102681,0.5305
C102682,0.4195
C102683,0.0721
C102684,0.0925
C102685,0.1551
C102686,0.1802
C102687,0.3478
C102688,0.3975
C102689,0.1154
C102690,0.0703
C102691,0.2415
C102692,0.1029
C102693,0.3088
C102694,0.434
C102695,0.5131
C102696,0.1027
C102697,0.1021
C102698,0.039
C102699,0.3179
C102700,0.0438
C102701,0.2788
C102702,0.0137
C102703,0.0364
C102704,0.1536
C102705,0.1278
C102706,0.2474
C102707,0.1296
C102708,0.0483
C102709,0.093
C102710,0.232
C102711,0.2948
C102712,0.1694
C102713,0.0346
C102714,0.1577
C102715,0.2507
C102716,0.0984
C102717,0.4337
C102718,0.0191
C102719,0.2092
C102720,0.0858
C102721,0.3449
C102722,0.1203
C102723,0.5724
C102724,0.0578
C102725,0.0688
C102726,0.0919
C102727,0.4313
C102728,0.1937
C102729,0.0152
C102730,0.0367
C102731,0.0603
C102732,0.2082
C102733,0.0387
C102734,0.1168
C102735,0.3637
C102736,0.2819
C102737,0.7284
C102738,0.0259
C102739,0.2766
C102740,0.2064
C102741,0.0713
C102742,0.0843
C102743,0.6213
C102744,0.034
C102745,0.6483
C102746,0.0607
C102747,0.0811
C102748,0.5063
C102749,0.1724
C102750,0.2244
C102751,0.0408
C102752,0.0579
C102753,0.0338
C102754,0.2346
C102755,0.6951
C102756,0.0559
C102757,0.0492
C102758,0.0554
C102759,0.1632
C102760,0.2081
C102761,0.384
C102762,0.3377
C102763,0.1418
C102764,0.1428
C102765,0.1513
C102766,0.3092
C102767,0.6909
C102768,0.149
C102769,0.0749
C102770,0.28
C102771,0.4713
C102772,0.0893
C102773,0.16
C102774,0.2055
C102775,0.4527
C102776,0.7871
C102777,0.2612
C102778,0.3308
C102779,0.2817
C102780,0.0445
C102781,0.0299
C102782,0.0794
C102783,0.0149
C102784,0.0964
C102785,0.158
C102786,0.1827
C102787,0.3384
C102788,0.0952
C102789,0.0293
C102790,0.0389
C102791,0.1537
C102792,0.6973
C102793,0.1293
C102794,0.1
C102795,0.2142
C102796,0.568
C102797,0.1179
C102798,0.112
C102799,0.2284
C102800,0.3827
C102801,0.2387
C102802,0.2189
C102803,0.1407
C102804,0.2075
C102805,0.129
C102806,0.1207
C102807,0.0503
C102808,0.0937
C102809,0.096
C102810,0.0522
C102811,0.2808
C102812,0.5436
C102813,0.1959
C102814,0.4408
C102815,0.1359
C102816,0.0531
C102817,0.0606
C102818,0.0488
C102819,0.2085
C102820,0.1487
C102821,0.0913
C102822,0.1483
C102823,0.03
C102824,0.0716
C102825,0.1858
C102826,0.3835
C102827,0.3018
C102828,0.1507
C102829,0.6574
C102830,0.1503
C102831,0.5672
C102832,0.1772
C102833,0.0586
C102834,0.3239
C102835,0.0653
C102836,0.5186
C102837,0.4567
C102838,0.2965
C102839,0.0461
C102840,0.0386
C102841,0.1746
C102842,0.3819
C102843,0.0914
C102844,0.1824
C102845,0.0333
C102846,0.136
C102847,0.1533
C102848,0.1673
C102849,0.0424
C102850,0.0184
C102851,0.072
C102852,0.2236
C102853,0.0865
C102854,0.0293
C102855,0.5247
C102856,0.0405
C102857,0.0785
C102858,0.0933
C102859,0.0757
C102860,0.0803
C102861,0.4357
C102862,0.1247
C102863,0.0272
C102864,0.089
C102865,0.3434
C102866,0.1123
C102867,0.2207
C102868,0.2037
C102869,0.2786
C102870,0.6963
C102871,0.1235
C102872,0.0714
C102873,0.0514
C102874,0.0538
C102875,0.0707
C102876,0.1221
C102877,0.1848
C102878,0.1708
C102879,0.149
C102880,0.0427
C102881,0.1543
C102882,0.0338
C102883,0.1901
C102884,0.0745
C102885,0.1584
C102886,0.0473
C102887,0.3871
C102888,0.14
C102889,0.1006
C102890,0.4019
C102891,0.0581
C102892,0.4984
C102893,0.1586
C102894,0.0643
C102895,0.2161
C102896,0.4158
C102897,0.1941
C102898,0.3147
C102899,0.08
C102900,0.1389
C102901,0.0408
C102902,0.216
C102903,0.0974
C102904,0.0886
C102905,0.059
C102906,0.1012
C102907,0.0714
C102908,0.1571
C102909,0.1932
C102910,0.0901
C102911,0.0615
C102912,0.0648
C102913,0.2471
C102914,0.4552
C102915,0.0424
C102916,0.1189
C102917,0.026
C102918,0.0133
C102919,0.1089
C102920,0.0221
C102921,0.115
C102922,0.0506
C102923,0.0942
C102924,0.1077
C102925,0.373
C102926,0.2393
C102927,0.1622
C102928,0.0936
C102929,0.0914
C102930,0.0871
C102931,0.1213
C102932,0.2478
C102933,0.1911
C102934,0.2378
C102935,0.0236
C102936,0.1634
C102937,0.0793
C102938,0.1071
C102939,0.0317
C102940,0.1099
C102941,0.52
C102942,0.2205
C102943,0.2908
C102944,0.1571
C102945,0.2064
C102946,0.0301
C102947,0.0806
C102948,0.3522
C102949,0.1093
C102950,0.3788
C102951,0.1631
C102952,0.0233
C102953,0.0397
C102954,0.2744
C102955,0.0433
C102956,0.0575
C102957,0.2901
C102958,0.1119
C102959,0.3767
C102960,0.1109
C102961,0.0865
C102962,0.0703
C102963,0.0662
C102964,0.5572
C102965,0.2702
C102966,0.0951
C102967,0.1465
C102968,0.088
C102969,0.3021
C102970,0.1966
C102971,0.2247
C102972,0.0545
C102973,0.2146
C102974,0.3528
C102975,0.1915
C102976,0.5486
C102977,0.2934
C102978,0.0662
C102979,0.195
C102980,0.5063
C102981,0.1269
C102982,0.3556
C102983,0.2317
C102984,0.3449
C102985,0.1333
C102986,0.1031
C102987,0.3225
C102988,0.1942
C102989,0.1901
C102990,0.097
C102991,0.092
C102992,0.0814
C102993,0.1948
C102994,0.1469
C102995,0.2381
C102996,0.1263
C102997,0.2248
C102998,0.1273
C102999,0.2104
C103000,0.0999
C103001,0.1656
C103002,0.1322
C103003,0.2177
C103004,0.1672
C103005,0.1258
C103006,0.137
C103007,0.0771
C103008,0.0877
C103009,0.1298
C103010,0.1358
C103011,0.2101
C103012,0.138
C103013,0.0665
C103014,0.1817
C103015,0.1569
C103016,0.4473
C103017,0.3442
C103018,0.0469
C103019,0.4023
C103020,0.5449
C103021,0.1485
C103022,0.3612
C103023,0.322
C103024,0.0758
C103025,0.0601
C103026,0.1006
C103027,0.0994
C103028,0.0964
C103029,0.2565
C103030,0.0308
C103031,0.0268
C103032,0.3907
C103033,0.8136
C103034,0.3338
C103035,0.1266
C103036,0.4081
C103037,0.0852
C103038,0.466
C103039,0.0418
C103040,0.113
C103041,0.2033
C103042,0.2755
C103043,0.1847
C103044,0.2919
C103045,0.1361
C103046,0.1821
C103047,0.3861
C103048,0.1401
C103049,0.0954
C103050,0.1676
C103051,0.1092
C103052,0.1362
C103053,0.1396
C103054,0.0427
C103055,0.2122
C103056,0.0556
C103057,0.1691
C103058,0.1588
C103059,0.0718
C103060,0.1364
C103061,0.1115
C103062,0.0235
C103063,0.0494
C103064,0.0584
C103065,0.1271
C103066,0.2486
C103067,0.3193
C103068,0.0422
C103069,0.1706
C103070,0.1123
C103071,0.1331
C103072,0.1011
C103073,0.0538
C103074,0.257
C103075,0.1859
C103076,0.5871
C103077,0.2717
C103078,0.1375
C103079,0.0388
C103080,0.1322
C103081,0.6196
C103082,0.346
C103083,0.0397
C103084,0.0247
C103085,0.0278
C103086,0.6923
C103087,0.185
C103088,0.0733
C103089,0.0552
C103090,0.2892
C103091,0.1445
C103092,0.3051
C103093,0.2082
C103094,0.0523
C103095,0.4445
C103096,0.1319
C103097,0.0799
C103098,0.338
C103099,0.0275
C103100,0.2578
C103101,0.0559
C103102,0.1664
C103103,0.3068
C103104,0.1872
C103105,0.2886
C103106,0.3529
C103107,0.0864
C103108,0.1447
C103109,0.0541
C103110,0.1891
C103111,0.0879
C103112,0.179
C103113,0.1035
C103114,0.0481
C103115,0.1428
C103116,0.1252
C103117,0.1152
C103118,0.2454
C103119,0.3666
C103120,0.0822
C103121,0.2539
C103122,0.1542
C103123,0.1881
C103124,0.3784
C103125,0.2671
C103126,0.0838
C103127,0.0215
C103128,0.4098
C103129,0.3153
C103130,0.2344
C103131,0.1193
C103132,0.5626
C103133,0.5019
C103134,0.2323
C103135,0.1604
C103136,0.0591
C103137,0.3345
C103138,0.4692
C103139,0.1825
C103140,0.1346
C103141,0.0759
C103142,0.2239
C103143,0.6759
C103144,0.2161
C103145,0.1064
C103146,0.4464
C103147,0.3457
C103148,0.1884
C103149,0.1033
C103150,0.1083
C103151,0.1008
C103152,0.1065
C103153,0.7797
C103154,0.0476
C103155,0.096
C103156,0.1748
C103157,0.618
C103158,0.2172
C103159,0.0462
C103160,0.0307
C103161,0.2789
C103162,0.5324
C103163,0.1931
C103164,0.0334
C103165,0.0343
C103166,0.0166
C103167,0.0211
C103168,0.1471
C103169,0.1337
C103170,0.3718
C103171,0.3019
C103172,0.5871
C103173,0.1126
C103174,0.1592
C103175,0.1167
C103176,0.1743
C103177,0.3964
C103178,0.031
C103179,0.0116
C103180,0.3147
C103181,0.0839
C103182,0.7765
C103183,0.0512
C103184,0.1408
C103185,0.3035
C103186,0.0579
C103187,0.0192
C103188,0.1705
C103189,0.1671
C103190,0.3062
C103191,0.0466
C103192,0.1661
C103193,0.019
C103194,0.1063
C103195,0.2799
C103196,0.3861
C103197,0.0534
C103198,0.1458
C103199,0.0908
C103200,0.8367
C103201,0.8046
C103202,0.2863
C103203,0.1112
C103204,0.0517
C103205,0.0546
C103206,0.4569
C103207,0.2281
C103208,0.2618
C103209,0.0665
C103210,0.1148
C103211,0.0489
C103212,0.0752
C103213,0.1505
C103214,0.1449
C103215,0.0605
C103216,0.1216
C103217,0.0934
C103218,0.0365
C103219,0.1167
C103220,0.0437
C103221,0.0845
C103222,0.0274
C103223,0.3152
C103224,0.763
C103225,0.2614
C103226,0.0401
C103227,0.0632
C103228,0.4369
C103229,0.1709
C103230,0.1308
C103231,0.038
C103232,0.0946
C103233,0.5903
C103234,0.2154
C103235,0.4128
C103236,0.0274
C103237,0.2689
C103238,0.2239
C103239,0.2715
C103240,0.0284
C103241,0.1622
C103242,0.2974
C103243,0.1025
C103244,0.0978
C103245,0.328
C103246,0.473
C103247,0.199
C103248,0.0241
C103249,0.1019
C103250,0.0135
C103251,0.1557
C103252,0.0896
C103253,0.2413
C103254,0.0628
C103255,0.1148
C103256,0.0869
C103257,0.3345
C103258,0.3248
C103259,0.2476
C103260,0.0255
C103261,0.1893
C103262,0.0448
C103263,0.3448
C103264,0.8232
C103265,0.1326
C103266,0.0299
C103267,0.2866
C103268,0.312
C103269,0.198
C103270,0.0958
C103271,0.0293
C103272,0.0826
C103273,0.149
C103274,0.0138
C103275,0.1054
C103276,0.0687
C103277,0.1087
C103278,0.6422
C103279,0.0755
C103280,0.1736
C103281,0.6187
C103282,0.3883
C103283,0.4788
C103284,0.0718
C103285,0.0332
C103286,0.0715
C103287,0.4877
C103288,0.0987
C103289,0.2577
C103290,0.3497
C103291,0.0692
C103292,0.1386
C103293,0.026
C103294,0.2113
C103295,0.113
C103296,0.0862
C103297,0.1846
C103298,0.068
C103299,0.411
C103300,0.094
C103301,0.0612
C103302,0.3559
C103303,0.2492
C103304,0.0883
C103305,0.0689
C103306,0.3088
C103307,0.0604
C103308,0.2239
C103309,0.1837
C103310,0.2645
C103311,0.1709
C103312,0.0326
C103313,0.2471
C103314,0.0857
C103315,0.0221
C103316,0.1833
C103317,0.3861
C103318,0.0768
C103319,0.3823
C103320,0.51
C103321,0.0413
C103322,0.095
C103323,0.1253
C103324,0.2844
C103325,0.1184
C103326,0.192
C103327,0.0335
C103328,0.0708
C103329,0.3728
C103330,0.0118
C103331,0.0638
C103332,0.0818
C103333,0.2504
C103334,0.1907
C103335,0.7368
C103336,0.2439
C103337,0.1291
C103338,0.0524
C103339,0.0877
C103340,0.1878
C103341,0.0606
C103342,0.0772
C103343,0.2408
C103344,0.0919
C103345,0.3091
C103346,0.4526
C103347,0.1394
C103348,0.3394
C103349,0.0353
C103350,0.117
C103351,0.0651
C103352,0.3311
C103353,0.0524
C103354,0.052
C103355,0.0919
C103356,0.063
C103357,0.0164
C103358,0.2101
C103359,0.2433
C103360,0.0492
C103361,0.0912
C103362,0.2722
C103363,0.1517
C103364,0.1334
C103365,0.1051
C103366,0.0701
C103367,0.086
C103368,0.0353
C103369,0.2377
C103370,0.0419
C103371,0.2253
C103372,0.1113
C103373,0.1737
C103374,0.085
C103375,0.04
C103376,0.1332
C103377,0.6118
C103378,0.0461
C103379,0.0979
C103380,0.1233
C103381,0.2343
C103382,0.3697
C103383,0.3388
C103384,0.0736
C103385,0.0558
C103386,0.3288
C103387,0.0355
C103388,0.2583
C103389,0.4509
C103390,0.0421
C103391,0.0358
C103392,0.3154
C103393,0.3438
C103394,0.2408
C103395,0.0665
C103396,0.0751
C103397,0.1042
C103398,0.0244
C103399,0.0416
C103400,0.0406
C103401,0.3525
C103402,0.0779
C103403,0.0402
C103404,0.0793
C103405,0.1205
C103406,0.3222
C103407,0.0326
C103408,0.2238
C103409,0.1361
C103410,0.5132
C103411,0.2085
C103412,0.1199
C103413,0.3175
C103414,0.0965
C103415,0.2496
C103416,0.2172
C103417,0.0542
C103418,0.1325
C103419,0.1243
C103420,0.2365
C103421,0.1708
C103422,0.1891
C103423,0.2992
C103424,0.2221
C103425,0.2228
C103426,0.5596
C103427,0.0729
C103428,0.035
C103429,0.0103
C103430,0.1081
C103431,0.318
C103432,0.225
C103433,0.1233
C103434,0.2751
C103435,0.054
C103436,0.083
C103437,0.0519
C103438,0.204
C103439,0.2239
C103440,0.7417
C103441,0.0276
C103442,0.1227
C103443,0.0835
C103444,0.5132
C103445,0.1165
C103446,0.1732
C103447,0.1148
C103448,0.1095
C103449,0.0899
C103450,0.1849
C103451,0.221
C103452,0.0328
C103453,0.0309
C103454,0.1198
C103455,0.223
C103456,0.0963
C103457,0.2472
C103458,0.0597
C103459,0.0393
C103460,0.1167
C103461,0.3739
C103462,0.2662
C103463,0.0706
C103464,0.1481
C103465,0.4704
C103466,0.0415
C103467,0.0973
C103468,0.0844
C103469,0.0723
C103470,0.135
C103471,0.3031
C103472,0.0542
C103473,0.0336
C103474,0.0767
C103475,0.2102
C103476,0.0497
C103477,0.1223
C103478,0.2532
C103479,0.7426
C103480,0.3396
C103481,0.2434
C103482,0.038
C103483,0.2119
C103484,0.2928
C103485,0.1939
C103486,0.1541
C103487,0.2693
C103488,0.4021
C103489,0.0701
C103490,0.2109
C103491,0.1124
C103492,0.108
C103493,0.4124
C103494,0.1004
C103495,0.2497
C103496,0.0735
C103497,0.0813
C103498,0.342
C103499,0.1498
C103500,0.0817
C103501,0.1265
C103502,0.0687
C103503,0.1321
C103504,0.4925
C103505,0.1523
C103506,0.1387
C103507,0.3007
C103508,0.0622
C103509,0.1439
C103510,0.3722
C103511,0.0431
C103512,0.1905
C103513,0.4968
C103514,0.0552
C103515,0.2593
C103516,0.2286
C103517,0.1832
C103518,0.226
C103519,0.2112
C103520,0.0309
C103521,0.1656
C103522,0.0416
C103523,0.116
C103524,0.0763
C103525,0.243
C103526,0.4438
C103527,0.1371
C103528,0.0161
C103529,0.1041
C103530,0.11
C103531,0.2411
C103532,0.21
C103533,0.3332
C103534,0.1908
C103535,0.0604
C103536,0.1505
C103537,0.492
C103538,0.4787
C103539,0.113
C103540,0.377
C103541,0.2792
C103542,0.4947
C103543,0.0175
C103544,0.1173
C103545,0.3691
C103546,0.1674
C103547,0.0606
C103548,0.0933
C103549,0.2553
C103550,0.2967
C103551,0.1019
C103552,0.3083
C103553,0.2692
C103554,0.1799
C103555,0.2886
C103556,0.1473
C103557,0.3064
C103558,0.0944
C103559,0.2035
C103560,0.1582
C103561,0.1382
C103562,0.096
C103563,0.6362
C103564,0.2622
C103565,0.0919
C103566,0.109
C103567,0.056
C103568,0.5862
C103569,0.6421
C103570,0.1695
C103571,0.2301
C103572,0.3094
C103573,0.0892
C103574,0.2415
C103575,0.0321
C103576,0.1192
C103577,0.1285
C103578,0.0909
C103579,0.1404
C103580,0.0906
C103581,0.0277
C103582,0.0351
C103583,0.1676
C103584,0.1718
C103585,0.0678
C103586,0.5632
C103587,0.3472
C103588,0.2357
C103589,0.0387
C103590,0.1088
C103591,0.2435
C103592,0.2331
C103593,0.0714
C103594,0.4516
C103595,0.3602
C103596,0.0627
C103597,0.1075
C103598,0.0928
C103599,0.6845
C103600,0.1119
C103601,0.4591
C103602,0.1189
C103603,0.0774
C103604,0.2727
C103605,0.4187
C103606,0.2253
C103607,0.0783
C103608,0.1847
C103609,0.1823
C103610,0.0573
C103611,0.0654
C103612,0.4226
C103613,0.3136
C103614,0.3821
C103615,0.162
C103616,0.0482
C103617,0.21
C103618,0.0446
C103619,0.281
C103620,0.209
C103621,0.1795
C103622,0.2395
C103623,0.0623
C103624,0.5897
C103625,0.0788
C103626,0.0713
C103627,0.4611
C103628,0.0643
C103629,0.1188
C103630,0.6795
C103631,0.7521
C103632,0.0814
C103633,0.0622
C103634,0.166
C103635,0.0491
C103636,0.1258
C103637,0.0349
C103638,0.2145
C103639,0.0511
C103640,0.4886
C103641,0.7618
C103642,0.2123
C103643,0.025
C103644,0.0545
C103645,0.1893
C103646,0.1738
C103647,0.1177
C103648,0.0539
C103649,0.2524
C103650,0.1109
C103651,0.1281
C103652,0.1824
C103653,0.1099
C103654,0.2921
C103655,0.1564
C103656,0.0368
C103657,0.1288
C103658,0.0362
C103659,0.0756
C103660,0.0505
C103661,0.2495
C103662,0.1107
C103663,0.1399
C103664,0.0858
C103665,0.1291
C103666,0.1838
C103667,0.0455
C103668,0.7492
C103669,0.4077
C103670,0.1117
C103671,0.0297
C103672,0.1541
C103673,0.145
C103674,0.2167
C103675,0.1047
C103676,0.0431
C103677,0.6309
C103678,0.2937
C103679,0.0599
C103680,0.4867
C103681,0.047
C103682,0.033
C103683,0.3546
C103684,0.201
C103685,0.0887
C103686,0.0409
C103687,0.2169
C103688,0.0786
C103689,0.1866
C103690,0.3143
C103691,0.4067
C103692,0.2442
C103693,0.1833
C103694,0.071
C103695,0.1147
C103696,0.0661
C103697,0.2198
C103698,0.2233
C103699,0.1057
C103700,0.0532
C103701,0.3728
C103702,0.419
C103703,0.2105
C103704,0.1962
C103705,0.0621
C103706,0.4187
C103707,0.2958
C103708,0.0778
C103709,0.0779
C103710,0.0597
C103711,0.1044
C103712,0.0271
C103713,0.1275
C103714,0.0321
C103715,0.1612
C103716,0.0504
C103717,0.4576
C103718,0.2726
C103719,0.1535
C103720,0.1619
C103721,0.4357
C103722,0.6683
C103723,0.1737
C103724,0.0526
C103725,0.1774
C103726,0.3993
C103727,0.1975
C103728,0.1182
C103729,0.0809
C103730,0.2251
C103731,0.028
C103732,0.1808
C103733,0.0787
C103734,0.1471
C103735,0.0512
C103736,0.2267
C103737,0.1951
C103738,0.0521
C103739,0.3555
C103740,0.5214
C103741,0.0464
C103742,0.0428
C103743,0.0881
C103744,0.242
C103745,0.49
C103746,0.1921
C103747,0.0413
C103748,0.1568
C103749,0.4662
C103750,0.0406
C103751,0.1715
C103752,0.0711
C103753,0.0971
C103754,0.2013
C103755,0.0628
C103756,0.119
C103757,0.0339
C103758,0.2034
C103759,0.147
C103760,0.0739
C103761,0.1043
C103762,0.0885
C103763,0.1594
C103764,0.3238
C103765,0.0465
C103766,0.1834
C103767,0.154
C103768,0.0229
C103769,0.0386
C103770,0.0326
C103771,0.0421
C103772,0.0169
C103773,0.1122
C103774,0.1461
C103775,0.0941
C103776,0.1413
C103777,0.2661
C103778,0.0633
C103779,0.1154
C103780,0.0583
C103781,0.3536
C103782,0.3649
C103783,0.1308
C103784,0.1301
C103785,0.1188
C103786,0.2695
C103787,0.1083
C103788,0.072
C103789,0.1402
C103790,0.3369
C103791,0.0329
C103792,0.3956
C103793,0.1153
C103794,0.1324
C103795,0.2798
C103796,0.1666
C103797,0.0825
C103798,0.0345
C103799,0.0378
C103800,0.6315
C103801,0.2823
C103802,0.115
C103803,0.335
C103804,0.3542
C103805,0.2499
C103806,0.1864
C103807,0.4348
C103808,0.0594
C103809,0.0395
C103810,0.19
C103811,0.486
C103812,0.1117
C103813,0.3951
C103814,0.1892
C103815,0.1042
C103816,0.0579
C103817,0.0651
C103818,0.0376
C103819,0.5685
C103820,0.1785
C103821,0.0563
C103822,0.1838
C103823,0.1406
C103824,0.0403
C103825,0.1423
C103826,0.0741
C103827,0.0297
C103828,0.0961
C103829,0.0866
C103830,0.1375
C103831,0.3092
C103832,0.2245
C103833,0.3516
C103834,0.172
C103835,0.2387
C103836,0.0529
C103837,0.27
C103838,0.4821
C103839,0.3572
C103840,0.0274
C103841,0.3246
C103842,0.0777
C103843,0.2004
C103844,0.145
C103845,0.1397
C103846,0.2336
C103847,0.2519
C103848,0.1102
C103849,0.0204
C103850,0.1104
C103851,0.3689
C103852,0.1857
C103853,0.3378
C103854,0.2558
C103855,0.0346
C103856,0.0468
C103857,0.0891
C103858,0.1679
C103859,0.0839
C103860,0.0748
C103861,0.0284
C103862,0.0345
C103863,0.0697
C103864,0.1177
C103865,0.1189
C103866,0.138
C103867,0.4025
C103868,0.2922
C103869,0.0308
C103870,0.0809
C103871,0.3797
C103872,0.0422
C103873,0.0957
C103874,0.3478
C103875,0.2059
C103876,0.1181
C103877,0.1441
C103878,0.1997
C103879,0.131
C103880,0.0874
C103881,0.4195
C103882,0.0684
C103883,0.1165
C103884,0.1742
C103885,0.0848
C103886,0.3785
C103887,0.2404
C103888,0.0399
C103889,0.1574
C103890,0.0302
C103891,0.1789
C103892,0.0685
C103893,0.0896
C103894,0.2088
C103895,0.1219
C103896,0.0799
C103897,0.0797
C103898,0.0205
C103899,0.1271
C103900,0.0433
C103901,0.0518
C103902,0.2957
C103903,0.6195
C103904,0.0855
C103905,0.1188
C103906,0.25
C103907,0.1762
C103908,0.049
C103909,0.0335
C103910,0.1129
C103911,0.0504
C103912,0.2259
C103913,0.2765
C103914,0.0397
C103915,0.0876
C103916,0.1413
C103917,0.1997
C103918,0.1455
C103919,0.2813
C103920,0.0375
C103921,0.0772
C103922,0.0452
C103923,0.0701
C103924,0.805
C103925,0.0805
C103926,0.1295
C103927,0.1474
C103928,0.16
C103929,0.0878
C103930,0.155
C103931,0.2639
C103932,0.0646
C103933,0.0296
C103934,0.0203
C103935,0.3037
C103936,0.1108
C103937,0.4515
C103938,0.2466
C103939,0.4056
C103940,0.1339
C103941,0.1339
C103942,0.0374
C103943,0.0946
C103944,0.1536
C103945,0.1649
C103946,0.1339
C103947,0.4117
C103948,0.1059
C103949,0.3249
C103950,0.2948
C103951,0.2348
C103952,0.3702
C103953,0.3794
C103954,0.2542
C103955,0.6903
C103956,0.0976
C103957,0.1726
C103958,0.0871
C103959,0.159
C103960,0.1435
C103961,0.0996
C103962,0.1657
C103963,0.1282
C103964,0.1765
C103965,0.0327
C103966,0.0653
C103967,0.0585
C103968,0.1975
C103969,0.1864
C103970,0.0714
C103971,0.3455
C103972,0.0826
C103973,0.1868
C103974,0.4469
C103975,0.1245
C103976,0.1221
C103977,0.3193
C103978,0.113
C103979,0.5488
C103980,0.2656
C103981,0.1587
C103982,0.0917
C103983,0.4623
C103984,0.1695
C103985,0.333
C103986,0.2559
C103987,0.386
C103988,0.1539
C103989,0.178
C103990,0.5959
C103991,0.3655
C103992,0.2808
C103993,0.1989
C103994,0.333
C103995,0.0809
C103996,0.0759
C103997,0.2284
C103998,0.0809
C103999,0.0803
C104000,0.1291
C104001,0.0287
C104002,0.1779
C104003,0.125
C104004,0.143
C104005,0.188
C104006,0.1601
C104007,0.036
C104008,0.0753
C104009,0.2624
C104010,0.5527
C104011,0.4061
C104012,0.1283
C104013,0.0432
C104014,0.1311
C104015,0.0308
C104016,0.0687
C104017,0.1652
C104018,0.0827
C104019,0.0701
C104020,0.0534
C104021,0.053
C104022,0.0523
C104023,0.1699
C104024,0.1485
C104025,0.1972
C104026,0.0444
C104027,0.0868
C104028,0.2303
C104029,0.0271
C104030,0.0605
C104031,0.1964
C104032,0.3716
C104033,0.3712
C104034,0.2682
C104035,0.3436
C104036,0.1894
C104037,0.2129
C104038,0.1485
C104039,0.1789
C104040,0.417
C104041,0.2513
C104042,0.0934
C104043,0.275
C104044,0.0806
C104045,0.2379
C104046,0.2634
C104047,0.6438
C104048,0.1438
C104049,0.298
C104050,0.1288
C104051,0.1108
C104052,0.1746
C104053,0.115
C104054,0.3201
C104055,0.007
C104056,0.3258
C104057,0.1784
C104058,0.2603
C104059,0.1281
C104060,0.2287
C104061,0.2081
C104062,0.4342
C104063,0.0704
C104064,0.083
C104065,0.3065
C104066,0.6181
C104067,0.2984
C104068,0.4376
C104069,0.0743
C104070,0.0556
C104071,0.1021
C104072,0.3052
C104073,0.2718
C104074,0.3963
C104075,0.0852
C104076,0.1788
C104077,0.1916
C104078,0.1008
C104079,0.2102
C104080,0.0678
C104081,0.0746
C104082,0.3539
C104083,0.1463
C104084,0.1588
C104085,0.3401
C104086,0.0967
C104087,0.1697
C104088,0.0551
C104089,0.4288
C104090,0.1052
C104091,0.065
C104092,0.0961
C104093,0.0313
C104094,0.2146
C104095,0.0343
C104096,0.0284
C104097,0.2428
C104098,0.023
C104099,0.1074
C104100,0.0372
C104101,0.1471
C104102,0.1123
C104103,0.1168
C104104,0.2714
C104105,0.3434
C104106,0.3662
C104107,0.1823
C104108,0.1434
C104109,0.0563
C104110,0.0341
C104111,0.602
C104112,0.1242
C104113,0.1619
C104114,0.0602
C104115,0.2432
C104116,0.1283
C104117,0.1157
C104118,0.0518
C104119,0.2867
C104120,0.2678
C104121,0.1399
C104122,0.6054
C104123,0.1863
C104124,0.3956
C104125,0.4144
C104126,0.1595
C104127,0.5675
C104128,0.1464
C104129,0.1014
C104130,0.1464
C104131,0.1127
C104132,0.2389
C104133,0.143
C104134,0.1457
C104135,0.1763
C104136,0.0809
C104137,0.0643
C104138,0.0831
C104139,0.1455
C104140,0.1603
C104141,0.1231
C104142,0.0779
C104143,0.1604
C104144,0.2739
C104145,0.2991
C104146,0.0711
C104147,0.0143
C104148,0.1585
C104149,0.0842
C104150,0.196
C104151,0.4307
C104152,0.0868
C104153,0.1676
C104154,0.0847
C104155,0.1698
C104156,0.3362
C104157,0.2125
C104158,0.0858
C104159,0.0612
C104160,0.0875
C104161,0.0584
C104162,0.1674
C104163,0.0375
C104164,0.2073
C104165,0.0633
C104166,0.0272
C104167,0.3738
C104168,0.3633
C104169,0.0565
C104170,0.1542
C104171,0.5733
C104172,0.3284
C104173,0.1728
C104174,0.1893
C104175,0.0385
C104176,0.4188
C104177,0.1393
C104178,0.346
C104179,0.0631
C104180,0.1503
C104181,0.0508
C104182,0.304
C104183,0.2829
C104184,0.4786
C104185,0.1098
C104186,0.1011
C104187,0.7697
C104188,0.1819
C104189,0.0364
C104190,0.3301
C104191,0.1079
C104192,0.1411
C104193,0.4319
C104194,0.3959
C104195,0.0523
C104196,0.1174
C104197,0.0394
C104198,0.1941
C104199,0.5116
C104200,0.298
C104201,0.2709
C104202,0.0462
C104203,0.1765
C104204,0.1273
C104205,0.1185
C104206,0.0246
C104207,0.0331
C104208,0.1022
C104209,0.0873
C104210,0.057
C104211,0.1279
C104212,0.2049
C104213,0.1186
C104214,0.0253
C104215,0.1048
C104216,0.7035
C104217,0.1885
C104218,0.243
C104219,0.183
C104220,0.155
C104221,0.1101
C104222,0.0561
C104223,0.1027
C104224,0.2878
C104225,0.3154
C104226,0.3041
C104227,0.51
C104228,0.4124
C104229,0.2037
C104230,0.0906
C104231,0.0521
C104232,0.1809
C104233,0.0705
C104234,0.3741
C104235,0.0679
C104236,0.1099
C104237,0.116
C104238,0.0546
C104239,0.2706
C104240,0.1869
C104241,0.3414
C104242,0.3921
C104243,0.1272
C104244,0.0487
C104245,0.4125
C104246,0.3192
C104247,0.1282
C104248,0.015
C104249,0.0642
C104250,0.4992
C104251,0.0914
C104252,0.0775
C104253,0.0943
C104254,0.2202
C104255,0.2394
C104256,0.1892
C104257,0.1906
C104258,0.1863
C104259,0.2617
C104260,0.2625
C104261,0.0443
C104262,0.1771
C104263,0.0808
C104264,0.8792
C104265,0.0926
C104266,0.111
C104267,0.6098
C104268,0.155
C104269,0.1213
C104270,0.1585
C104271,0.1344
C104272,0.0777
C104273,0.2191
C104274,0.0976
C104275,0.0316
C104276,0.0695
C104277,0.1754
C104278,0.0456
C104279,0.111
C104280,0.0788
C104281,0.0857
C104282,0.1388
C104283,0.0599
C104284,0.3086
C104285,0.0722
C104286,0.0535
C104287,0.3083
C104288,0.0433
C104289,0.248
C104290,0.4983
C104291,0.2922
C104292,0.097
C104293,0.2897
C104294,0.3765
C104295,0.2658
C104296,0.0631
C104297,0.0262
C104298,0.0715
C104299,0.0598
C104300,0.2823
C104301,0.4795
C104302,0.5222
C104303,0.2272
C104304,0.0666
C104305,0.0786
C104306,0.0861
C104307,0.0976
C104308,0.2131
C104309,0.0425
C104310,0.0407
C104311,0.1485
C104312,0.0242
C104313,0.3716
C104314,0.1068
C104315,0.0877
C104316,0.0924
C104317,0.3903
C104318,0.2721
C104319,0.4979
C104320,0.0954
C104321,0.4062
C104322,0.1113
C104323,0.4472
C104324,0.259
C104325,0.7605
C104326,0.1446
C104327,0.0492
C104328,0.5159
C104329,0.4154
C104330,0.1309
C104331,0.4075
C104332,0.0304
C104333,0.2432
C104334,0.3222
C104335,0.1595
C104336,0.1906
C104337,0.1959
C104338,0.0287
C104339,0.1281
C104340,0.3149
C104341,0.2304
C104342,0.054
C104343,0.0371
C104344,0.0535
C104345,0.1244
C104346,0.579
C104347,0.3807
C104348,0.3467
C104349,0.2631
C104350,0.4287
C104351,0.201
C104352,0.3756
C104353,0.6107
C104354,0.3497
C104355,0.3249
C104356,0.403
C104357,0.1568
C104358,0.2035
C104359,0.1483
C104360,0.0136
C104361,0.1316
C104362,0.2181
C104363,0.4835
C104364,0.1204
C104365,0.0891
C104366,0.0979
C104367,0.0738
C104368,0.4704
C104369,0.1019
C104370,0.1876
C104371,0.2266
C104372,0.1219
C104373,0.2706
C104374,0.0767
C104375,0.1787
C104376,0.3749
C104377,0.1259
C104378,0.065
C104379,0.0895
C104380,0.3355
C104381,0.2376
C104382,0.1286
C104383,0.0495
C104384,0.1364
C104385,0.0881
C104386,0.0634
C104387,0.0807
C104388,0.2506
C104389,0.0234
C104390,0.2468
C104391,0.2184
C104392,0.1557
C104393,0.0501
C104394,0.0318
C104395,0.4428
C104396,0.0445
C104397,0.2421
C104398,0.2118
C104399,0.0863
C104400,0.1298
C104401,0.1325
C104402,0.5145
C104403,0.1117
C104404,0.0984
C104405,0.0948
C104406,0.2047
C104407,0.0424
C104408,0.4003
C104409,0.0666
C104410,0.2552
C104411,0.1143
C104412,0.1195
C104413,0.476
C104414,0.0988
C104415,0.6051
C104416,0.5499
C104417,0.0818
C104418,0.0909
C104419,0.0795
C104420,0.8657
C104421,0.1029
C104422,0.3973
C104423,0.0608
C104424,0.2906
C104425,0.1926
C104426,0.065
C104427,0.3505
C104428,0.0832
C104429,0.4369
C104430,0.8471
C104431,0.1618
C104432,0.2963
C104433,0.025
C104434,0.2099
C104435,0.0597
C104436,0.1355
C104437,0.3663
C104438,0.4159
C104439,0.1419
C104440,0.5776
C104441,0.2517
C104442,0.1561
C104443,0.0966
C104444,0.0359
C104445,0.0539
C104446,0.1327
C104447,0.3851
C104448,0.0817
C104449,0.0099
C104450,0.1172
C104451,0.0252
C104452,0.0852
C104453,0.326
C104454,0.1257
C104455,0.1453
C104456,0.077
C104457,0.0451
C104458,0.3376
C104459,0.0368
C104460,0.1844
C104461,0.2429
C104462,0.1679
C104463,0.2578
C104464,0.2062
C104465,0.1364
C104466,0.058
C104467,0.0343
C104468,0.7285
C104469,0.0676
C104470,0.0425
C104471,0.0211
C104472,0.0917
C104473,0.0706
C104474,0.0406
C104475,0.0484
C104476,0.0724
C104477,0.1796
C104478,0.0459
C104479,0.2256
C104480,0.2642
C104481,0.1026
C104482,0.2332
C104483,0.0248
C104484,0.0741
C104485,0.0339
C104486,0.4764
C104487,0.219
C104488,0.0376
C104489,0.064
C104490,0.0313
C104491,0.1941
C104492,0.0507
C104493,0.0905
C104494,0.2827
C104495,0.0578
C104496,0.201
C104497,0.0794
C104498,0.5889
C104499,0.4112
C104500,0.2516
C104501,0.0974
C104502,0.3344
C104503,0.1433
C104504,0.4481
C104505,0.3848
C104506,0.3264
C104507,0.082
C104508,0.5083
C104509,0.7438
C104510,0.2971
C104511,0.4897
C104512,0.0364
C104513,0.7835
C104514,0.4589
C104515,0.3724
C104516,0.2155
C104517,0.0605
C104518,0.08
C104519,0.2206
C104520,0.1463
C104521,0.1579
C104522,0.0935
C104523,0.0558
C104524,0.3611
C104525,0.1048
C104526,0.3315
C104527,0.4595
C104528,0.1934
C104529,0.2018
C104530,0.5374
C104531,0.1347
C104532,0.1159
C104533,0.2989
C104534,0.1751
C104535,0.3906
C104536,0.2939
C104537,0.8764
C104538,0.2676
C104539,0.1707
C104540,0.389
C104541,0.0374
C104542,0.1448
C104543,0.1049
C104544,0.4379
C104545,0.1961
C104546,0.2614
C104547,0.0657
C104548,0.2732
C104549,0.078
C104550,0.144
C104551,0.0465
C104552,0.1139
C104553,0.054
C104554,0.1397
C104555,0.2474
C104556,0.3981
C104557,0.2623
C104558,0.3037
C104559,0.0318
C104560,0.118
C104561,0.0665
C104562,0.5283
C104563,0.2087
C104564,0.2972
C104565,0.6597
C104566,0.289
C104567,0.4757
C104568,0.2495
C104569,0.4044
C104570,0.0565
C104571,0.0763
C104572,0.2078
C104573,0.2112
C104574,0.0658
C104575,0.1078
C104576,0.5843
C104577,0.2024
C104578,0.1338
C104579,0.3703
C104580,0.2058
C104581,0.1746
C104582,0.2667
C104583,0.2864
C104584,0.5996
C104585,0.0667
C104586,0.1525
C104587,0.0315
C104588,0.0979
C104589,0.1264
C104590,0.0421
C104591,0.1281
C104592,0.0759
C104593,0.6455
C104594,0.4522
C104595,0.2364
C104596,0.2444
C104597,0.1204
C104598,0.0188
C104599,0.0717
C104600,0.0625
C104601,0.3956
C104602,0.1423
C104603,0.0801
C104604,0.0602
C104605,0.1322
C104606,0.1467
C104607,0.1156
C104608,0.0976
C104609,0.1525
C104610,0.1456
C104611,0.1534
C104612,0.7194
C104613,0.0254
C104614,0.2435
C104615,0.1911
C104616,0.0899
C104617,0.3802
C104618,0.0435
C104619,0.0483
C104620,0.0831
C104621,0.1858
C104622,0.4544
C104623,0.2563
C104624,0.4694
C104625,0.2816
C104626,0.1593
C104627,0.2749
C104628,0.1218
C104629,0.3598
C104630,0.0704
C104631,0.156
C104632,0.0933
C104633,0.0432
C104634,0.0377
C104635,0.5341
C104636,0.0486
C104637,0.0707
C104638,0.1498
C104639,0.9627
C104640,0.0114
C104641,0.0511
C104642,0.3381
C104643,0.2507
C104644,0.108
C104645,0.2032
C104646,0.2226
C104647,0.1903
C104648,0.0572
C104649,0.1617
C104650,0.1862
C104651,0.1682
C104652,0.1859
C104653,0.6495
C104654,0.295
C104655,0.1376
C104656,0.1347
C104657,0.3563
C104658,0.2354
C104659,0.0758
C104660,0.1146
C104661,0.156
C104662,0.3064
C104663,0.1667
C104664,0.1058
C104665,0.1542
C104666,0.1091
C104667,0.1516
C104668,0.0285
C104669,0.0599
C104670,0.3716
C104671,0.3614
C104672,0.1
C104673,0.0826
C104674,0.0449
C104675,0.0701
C104676,0.2318
C104677,0.1197
C104678,0.3142
C104679,0.197
C104680,0.2947
C104681,0.1541
C104682,0.092
C104683,0.0814
C104684,0.0939
C104685,0.1392
C104686,0.6627
C104687,0.1383
C104688,0.0332
C104689,0.2965
C104690,0.8886
C104691,0.454
C104692,0.1635
C104693,0.1076
C104694,0.5404
C104695,0.094
C104696,0.4661
C104697,0.1638
C104698,0.2338
C104699,0.1372
C104700,0.0895
C104701,0.1001
C104702,0.4894
C104703,0.021
C104704,0.1739
C104705,0.0441
C104706,0.1584
C104707,0.1397
C104708,0.1749
C104709,0.1622
C104710,0.0989
C104711,0.038
C104712,0.0925
C104713,0.1227
C104714,0.0831
C104715,0.094
C104716,0.1381
C104717,0.4383
C104718,0.0379
C104719,0.0454
C104720,0.0423
C104721,0.2296
C104722,0.2813
C104723,0.0328
C104724,0.0506
C104725,0.2246
C104726,0.2206
C104727,0.1787
C104728,0.0764
C104729,0.0749
C104730,0.0574
C104731,0.0449
C104732,0.098
C104733,0.7393
C104734,0.1514
C104735,0.3035
C104736,0.0658
C104737,0.2712
C104738,0.2957
C104739,0.106
C104740,0.6761
C104741,0.1414
C104742,0.5973
C104743,0.0884
C104744,0.5114
C104745,0.3445
C104746,0.2476
C104747,0.1133
C104748,0.0264
C104749,0.1439
C104750,0.2244
C104751,0.3049
C104752,0.0627
C104753,0.1653
C104754,0.0525
C104755,0.1079
C104756,0.411
C104757,0.2992
C104758,0.0677
C104759,0.1527
C104760,0.0601
C104761,0.0368
C104762,0.0173
C104763,0.3055
C104764,0.022
C104765,0.3798
C104766,0.1107
C104767,0.1746
C104768,0.1495
C104769,0.1928
C104770,0.1478
C104771,0.0239
C104772,0.3796
C104773,0.1392
C104774,0.1078
C104775,0.2364
C104776,0.1652
C104777,0.1857
C104778,0.1283
C104779,0.0906
C104780,0.3021
C104781,0.0791
C104782,0.2157
C104783,0.501
C104784,0.6417
C104785,0.0819
C104786,0.0657
C104787,0.5217
C104788,0.0384
C104789,0.0995
C104790,0.1413
C104791,0.2788
C104792,0.438
C104793,0.0412
C104794,0.0696
C104795,0.0687
C104796,0.1559
C104797,0.2115
C104798,0.1279
C104799,0.1227
C104800,0.3712
C104801,0.0991
C104802,0.0596
C104803,0.197
C104804,0.0141
C104805,0.0659
C104806,0.1376
C104807,0.1355
C104808,0.2224
C104809,0.0645
C104810,0.186
C104811,0.1471
C104812,0.146
C104813,0.0683
C104814,0.0524
C104815,0.1469
C104816,0.2967
C104817,0.0767
C104818,0.0537
C104819,0.5512
C104820,0.103
C104821,0.0136
C104822,0.7212
C104823,0.2214
C104824,0.1451
C104825,0.2305
C104826,0.2064
C104827,0.2795
C104828,0.0925
C104829,0.0844
C104830,0.563
C104831,0.0702
C104832,0.0276
C104833,0.1453
C104834,0.0204
C104835,0.1703
C104836,0.579
C104837,0.0298
C104838,0.475
C104839,0.7792
C104840,0.2161
C104841,0.0651
C104842,0.2962
C104843,0.0502
C104844,0.8858
C104845,0.1808
C104846,0.0402
C104847,0.0329
C104848,0.2781
C104849,0.1479
C104850,0.1115
C104851,0.2158
C104852,0.0568
C104853,0.1167
C104854,0.1098
C104855,0.6157
C104856,0.1137
C104857,0.2606
C104858,0.4794
C104859,0.1683
C104860,0.1199
C104861,0.0796
C104862,0.7421
C104863,0.1733
C104864,0.0985
C104865,0.1851
C104866,0.0744
C104867,0.2131
C104868,0.1115
C104869,0.0547
C104870,0.1796
C104871,0.5051
C104872,0.2295
C104873,0.1118
C104874,0.0308
C104875,0.0913
C104876,0.033
C104877,0.1574
C104878,0.287
C104879,0.0578
C104880,0.035
C104881,0.1277
C104882,0.0881
C104883,0.0508
C104884,0.0594
C104885,0.155
C104886,0.0181
C104887,0.2296
C104888,0.3036
C104889,0.0644
C104890,0.0455
C104891,0.0725
C104892,0.1731
C104893,0.2053
C104894,0.1187
C104895,0.0464
C104896,0.398
C104897,0.0297
C104898,0.455
C104899,0.2387
C104900,0.6235
C104901,0.1493
C104902,0.0813
C104903,0.1937
C104904,0.0555
C104905,0.1111
C104906,0.0823
C104907,0.1572
C104908,0.1595
C104909,0.591
C104910,0.0466
C104911,0.1366
C104912,0.167
C104913,0.1475
C104914,0.0659
C104915,0.1961
C104916,0.099
C104917,0.0783
C104918,0.0555
C104919,0.0997
C104920,0.1482
C104921,0.126
C104922,0.0512
C104923,0.4727
C104924,0.062
C104925,0.3068
C104926,0.0945
C104927,0.1446
C104928,0.0845
C104929,0.0614
C104930,0.2011
C104931,0.1156
C104932,0.2826
C104933,0.5856
C104934,0.0467
C104935,0.1942
C104936,0.3742
C104937,0.0602
C104938,0.2636
C104939,0.0388
C104940,0.1422
C104941,0.098
C104942,0.0233
C104943,0.1874
C104944,0.1239
C104945,0.5902
C104946,0.2229
C104947,0.072
C104948,0.3313
C104949,0.0736
C104950,0.2608
C104951,0.0321
C104952,0.0959
C104953,0.0674
C104954,0.009
C104955,0.1009
C104956,0.0741
C104957,0.2156
C104958,0.0566
C104959,0.0205
C104960,0.1861
C104961,0.1418
C104962,0.0849
C104963,0.0733
C104964,0.1118
C104965,0.1729
C104966,0.2269
C104967,0.1997
C104968,0.0635
C104969,0.1093
C104970,0.1341
C104971,0.343
C104972,0.1332
C104973,0.199
C104974,0.0622
C104975,0.0913
C104976,0.4145
C104977,0.0716
C104978,0.0259
C104979,0.5939
C104980,0.2475
C104981,0.228
C104982,0.0386
C104983,0.155
C104984,0.1451
C104985,0.0821
C104986,0.3369
C104987,0.1036
C104988,0.1378
C104989,0.2331
C104990,0.0457
C104991,0.129
C104992,0.1321
C104993,0.1247
C104994,0.4351
C104995,0.037
C104996,0.2807
C104997,0.5002
C104998,0.1826
C104999,0.1582
C105000,0.0788
C105001,0.2575
C105002,0.4078
C105003,0.0187
C105004,0.0984
C105005,0.1669
C105006,0.3896
C105007,0.128
C105008,0.0229
C105009,0.4199
C105010,0.0792
C105011,0.0939
C105012,0.0735
C105013,0.585
C105014,0.1408
C105015,0.0586
C105016,0.0236
C105017,0.2355
C105018,0.1809
C105019,0.062
C105020,0.1358
C105021,0.0265
C105022,0.1909
C105023,0.1023
C105024,0.1518
C105025,0.106
C105026,0.0546
C105027,0.229
C105028,0.0462
C105029,0.0583
C105030,0.1408
C105031,0.6148
C105032,0.0842
C105033,0.0957
C105034,0.1147
C105035,0.0917
C105036,0.4004
C105037,0.1368
C105038,0.6485
C105039,0.0496
C105040,0.0567
C105041,0.0872
C105042,0.2764
C105043,0.1499
C105044,0.1398
C105045,0.0801
C105046,0.1059
C105047,0.0857
C105048,0.1389
C105049,0.0912
C105050,0.0962
C105051,0.2988
C105052,0.2601
C105053,0.0494
C105054,0.1536
C105055,0.0725
C105056,0.4826
C105057,0.052
C105058,0.3559
C105059,0.3139
C105060,0.5839
C105061,0.114
C105062,0.1291
C105063,0.698
C105064,0.0922
C105065,0.1224
C105066,0.1436
C105067,0.0888
C105068,0.0438
C105069,0.3951
C105070,0.1581
C105071,0.5051
C105072,0.2268
C105073,0.0323
C105074,0.2924
C105075,0.1458
C105076,0.6503
C105077,0.2092
C105078,0.2145
C105079,0.1362
C105080,0.114
C105081,0.0489
C105082,0.1009
C105083,0.0309
C105084,0.2726
C105085,0.1024
C105086,0.21
C105087,0.0915
C105088,0.0506
C105089,0.1626
C105090,0.3053
C105091,0.1371
C105092,0.0354
C105093,0.0474
C105094,0.0521
C105095,0.0141
C105096,0.2402
C105097,0.1312
C105098,0.0744
C105099,0.0957
C105100,0.048
C105101,0.4866
C105102,0.581
C105103,0.063
C105104,0.1412
C105105,0.0956
C105106,0.1555
C105107,0.2262
C105108,0.0531
C105109,0.0341
C105110,0.1085
C105111,0.0847
C105112,0.3553
C105113,0.2906
C105114,0.0389
C105115,0.067
C105116,0.3761
C105117,0.3442
C105118,0.1812
C105119,0.0354
C105120,0.1227
C105121,0.283
C105122,0.1717
C105123,0.1083
C105124,0.069
C105125,0.2107
C105126,0.3772
C105127,0.7245
C105128,0.0735
C105129,0.7304
C105130,0.2211
C105131,0.364
C105132,0.1241
C105133,0.12
C105134,0.0328
C105135,0.8618
C105136,0.0727
C105137,0.5134
C105138,0.1425
C105139,0.3347
C105140,0.5985
C105141,0.2577
C105142,0.0927
C105143,0.3839
C105144,0.1111
C105145,0.3371
C105146,0.1041
C105147,0.1931
C105148,0.1828
C105149,0.2456
C105150,0.046
C105151,0.0672
C105152,0.1498
C105153,0.6819
C105154,0.0474
C105155,0.0512
C105156,0.0627
C105157,0.1504
C105158,0.0296
C105159,0.0799
C105160,0.0649
C105161,0.0537
C105162,0.2088
C105163,0.5609
C105164,0.0966
C105165,0.326
C105166,0.0968
C105167,0.2217
C105168,0.2254
C105169,0.2126
C105170,0.4213
C105171,0.2096
C105172,0.1219
C105173,0.1488
C105174,0.1468
C105175,0.5135
C105176,0.0509
C105177,0.101
C105178,0.0235
C105179,0.0518
C105180,0.1013
C105181,0.2176
C105182,0.1526
C105183,0.1065
C105184,0.2781
C105185,0.5735
C105186,0.1019
C105187,0.0536
C105188,0.1224
C105189,0.097
C105190,0.0651
C105191,0.4084
C105192,0.1007
C105193,0.2753
C105194,0.3597
C105195,0.245
C105196,0.1306
C105197,0.353
C105198,0.0307
C105199,0.1575
C105200,0.619
C105201,0.0493
C105202,0.0534
C105203,0.516
C105204,0.1319
C105205,0.0631
C105206,0.1383
C105207,0.2374
C105208,0.1432
C105209,0.0635
C105210,0.4684
C105211,0.0455
C105212,0.3586
C105213,0.1145
C105214,0.078
C105215,0.0667
C105216,0.2397
C105217,0.244
C105218,0.0656
C105219,0.1045
C105220,0.1602
C105221,0.0157
C105222,0.1158
C105223,0.1166
C105224,0.235
C105225,0.4673
C105226,0.1374
C105227,0.2064
C105228,0.0167
C105229,0.0403
C105230,0.1104
C105231,0.0716
C105232,0.5107
C105233,0.0853
C105234,0.0816
C105235,0.2717
C105236,0.2145
C105237,0.0514
C105238,0.6326
C105239,0.2521
C105240,0.2512
C105241,0.0603
C105242,0.0952
C105243,0.3191
C105244,0.0572
C105245,0.1907
C105246,0.1081
C105247,0.0275
C105248,0.0514
C105249,0.2051
C105250,0.3871
C105251,0.0639
C105252,0.1132
C105253,0.1013
C105254,0.293
C105255,0.0894
C105256,0.0128
C105257,0.1552
C105258,0.5844
C105259,0.1937
C105260,0.7664
C105261,0.2142
C105262,0.5906
C105263,0.0325
C105264,0.1429
C105265,0.1192
C105266,0.2123
C105267,0.3409
C105268,0.4535
C105269,0.088
C105270,0.1711
C105271,0.1742
C105272,0.2004
C105273,0.2979
C105274,0.4228
C105275,0.4105
C105276,0.0723
C105277,0.0908
C105278,0.2399
C105279,0.0832
C105280,0.1017
C105281,0.1443
C105282,0.4678
C105283,0.0153
C105284,0.0951
C105285,0.2809
C105286,0.3081
C105287,0.2158
C105288,0.1232
C105289,0.1185
C105290,0.0915
C105291,0.1293
C105292,0.1141
C105293,0.1603
C105294,0.2098
C105295,0.1419
C105296,0.0819
C105297,0.1608
C105298,0.4846
C105299,0.0858
C105300,0.0511
C105301,0.1789
C105302,0.1141
C105303,0.2608
C105304,0.3071
C105305,0.1111
C105306,0.1088
C105307,0.1708
C105308,0.035
C105309,0.1686
C105310,0.0966
C105311,0.6317
C105312,0.205
C105313,0.4251
C105314,0.1387
C105315,0.1831
C105316,0.073
C105317,0.2427
C105318,0.0192
C105319,0.3274
C105320,0.1044
C105321,0.353
C105322,0.1793
C105323,0.121
C105324,0.2648
C105325,0.0427
C105326,0.1283
C105327,0.0691
C105328,0.2782
C105329,0.094
C105330,0.0748
C105331,0.3159
C105332,0.1316
C105333,0.1774
C105334,0.1846
C105335,0.2568
C105336,0.0759
C105337,0.1197
C105338,0.2931
C105339,0.0596
C105340,0.4127
C105341,0.7088
C105342,0.1019
C105343,0.2439
C105344,0.0136
C105345,0.2136
C105346,0.3764
C105347,0.1691
C105348,0.4803
C105349,0.0547
C105350,0.4584
C105351,0.4542
C105352,0.2045
C105353,0.1202
C105354,0.0244
C105355,0.1183
C105356,0.0947
C105357,0.0352
C105358,0.0518
C105359,0.2129
C105360,0.0324
C105361,0.0207
C105362,0.2647
C105363,0.1919
C105364,0.1233
C105365,0.1502
C105366,0.0955
C105367,0.0693
C105368,0.2254
C105369,0.0244
C105370,0.3021
C105371,0.068
C105372,0.1064
C105373,0.207
C105374,0.0323
C105375,0.1231
C105376,0.2334
C105377,0.1076
C105378,0.1354
C105379,0.0375
C105380,0.0354
C105381,0.0894
C105382,0.1986
C105383,0.4778
C105384,0.1068
C105385,0.1925
C105386,0.1329
C105387,0.1498
C105388,0.0297
C105389,0.0759
C105390,0.0542
C105391,0.0746
C105392,0.4989
C105393,0.6419
C105394,0.2099
C105395,0.0332
C105396,0.0899
C105397,0.6051
C105398,0.3907
C105399,0.0738
C105400,0.3925
C105401,0.1802
C105402,0.3324
C105403,0.0512
C105404,0.3917
C105405,0.0968
C105406,0.0566
C105407,0.071
C105408,0.1058
C105409,0.0719
C105410,0.1031
C105411,0.2784
C105412,0.0291
C105413,0.1738
C105414,0.1222
C105415,0.0442
C105416,0.19
C105417,0.0853
C105418,0.6409
C105419,0.0433
C105420,0.514
C105421,0.1247
C105422,0.1046
C105423,0.0418
C105424,0.1658
C105425,0.5335
C105426,0.0347
C105427,0.178
C105428,0.0234
C105429,0.0307
C105430,0.1595
C105431,0.4704
C105432,0.1151
C105433,0.3973
C105434,0.1149
C105435,0.3445
C105436,0.5831
C105437,0.1214
C105438,0.1634
C105439,0.139
C105440,0.2419
C105441,0.1083
C105442,0.0732
C105443,0.3425
C105444,0.1203
C105445,0.3468
C105446,0.066
C105447,0.1495
C105448,0.0786
C105449,0.1249
C105450,0.0258
C105451,0.727
C105452,0.0752
C105453,0.1974
C105454,0.6536
C105455,0.2688
C105456,0.169
C105457,0.0168
C105458,0.0468
C105459,0.6142
C105460,0.0658
C105461,0.0726
C105462,0.0777
C105463,0.3629
C105464,0.2574
C105465,0.2548
C105466,0.2481
C105467,0.1164
C105468,0.1709
C105469,0.107
C105470,0.1444
C105471,0.0578
C105472,0.2371
C105473,0.1398
C105474,0.0574
C105475,0.1149
C105476,0.547
C105477,0.2171
C105478,0.5442
C105479,0.3357
C105480,0.0415
C105481,0.0491
C105482,0.3185
C105483,0.2785
C105484,0.0645
C105485,0.5953
C105486,0.4854
C105487,0.0587
C105488,0.2805
C105489,0.371
C105490,0.4296
C105491,0.0236
C105492,0.0753
C105493,0.2872
C105494,0.1644
C105495,0.5228
C105496,0.0471
C105497,0.4483
C105498,0.0838
C105499,0.2593
C105500,0.5103
C105501,0.1317
C105502,0.0392
C105503,0.0397
C105504,0.1015
C105505,0.8887
C105506,0.4033
C105507,0.0642
C105508,0.2769
C105509,0.2123
C105510,0.093
C105511,0.2085
C105512,0.2993
C105513,0.1191
C105514,0.2984
C105515,0.0368
C105516,0.0729
C105517,0.1255
C105518,0.3151
C105519,0.1526
C105520,0.3202
C105521,0.1097
C105522,0.6384
C105523,0.0254
C105524,0.1019
C105525,0.5681
C105526,0.101
C105527,0.5666
C105528,0.1547
C105529,0.2232
C105530,0.0844
C105531,0.0197
C105532,0.1989
C105533,0.1902
C105534,0.2479
C105535,0.2816
C105536,0.1043
C105537,0.1224
C105538,0.0534
C105539,0.4378
C105540,0.2005
C105541,0.0745
C105542,0.2057
C105543,0.128
C105544,0.2922
C105545,0.217
C105546,0.1042
C105547,0.3455
C105548,0.1096
C105549,0.0545
C105550,0.1573
C105551,0.3882
C105552,0.136
C105553,0.0597
C105554,0.2212
C105555,0.0156
C105556,0.1366
C105557,0.2235
C105558,0.0374
C105559,0.182
C105560,0.1382
C105561,0.1584
C105562,0.2694
C105563,0.2586
C105564,0.0674
C105565,0.1196
C105566,0.283
C105567,0.067
C105568,0.1092
C105569,0.6454
C105570,0.2179
C105571,0.1004
C105572,0.299
C105573,0.0723
C105574,0.2408
C105575,0.4416
C105576,0.1422
C105577,0.5082
C105578,0.1434
C105579,0.2247
C105580,0.1057
C105581,0.3074
C105582,0.0508
C105583,0.1051
C105584,0.8148
C105585,0.136
C105586,0.0359
C105587,0.1236
C105588,0.1025
C105589,0.2588
C105590,0.107
C105591,0.5601
C105592,0.5515
C105593,0.5724
C105594,0.4937
C105595,0.2682
C105596,0.3362
C105597,0.0987
C105598,0.1321
C105599,0.0988
C105600,0.0534
C105601,0.1921
C105602,0.3685
C105603,0.0944
C105604,0.2217
C105605,0.0669
C105606,0.0605
C105607,0.1649
C105608,0.2544
C105609,0.3594
C105610,0.301
C105611,0.0871
C105612,0.0819
C105613,0.0493
C105614,0.0205
C105615,0.064
C105616,0.3059
C105617,0.3339
C105618,0.0502
C105619,0.1329
C105620,0.0551
C105621,0.2471
C105622,0.5125
C105623,0.1324
C105624,0.0534
C105625,0.4855
C105626,0.0481
C105627,0.2883
C105628,0.5608
C105629,0.0656
C105630,0.271
C105631,0.2642
C105632,0.2153
C105633,0.2917
C105634,0.0703
C105635,0.0961
C105636,0.1009
C105637,0.5542
C105638,0.3849
C105639,0.418
C105640,0.1211
C105641,0.7544
C105642,0.0664
C105643,0.1956
C105644,0.6902
C105645,0.1571
C105646,0.4751
C105647,0.1578
C105648,0.3943
C105649,0.0937
C105650,0.0551
C105651,0.07
C105652,0.4831
C105653,0.3453
C105654,0.4972
C105655,0.1777
C105656,0.11
C105657,0.4264
C105658,0.3746
C105659,0.2399
C105660,0.1556
C105661,0.1107
C105662,0.3803
C105663,0.3885
C105664,0.7059
C105665,0.1149
C105666,0.1353
C105667,0.0377
C105668,0.0599
C105669,0.4613
C105670,0.0903
C105671,0.0887
C105672,0.1158
C105673,0.084
C105674,0.2178
C105675,0.186
C105676,0.0244
C105677,0.5908
C105678,0.3586
C105679,0.2255
C105680,0.5905
C105681,0.0158
C105682,0.2687
C105683,0.075
C105684,0.4785
C105685,0.082
C105686,0.0382
C105687,0.5744
C105688,0.1294
C105689,0.4106
C105690,0.0946
C105691,0.0843
C105692,0.0848
C105693,0.3038
C105694,0.552
C105695,0.0391
C105696,0.2069
C105697,0.0712
C105698,0.5979
C105699,0.065
C105700,0.3116
C105701,0.232
C105702,0.1652
C105703,0.0275
C105704,0.3922
C105705,0.4409
C105706,0.5048
C105707,0.3778
C105708,0.2299
C105709,0.0973
C105710,0.3938
C105711,0.3092
C105712,0.0762
C105713,0.0312
C105714,0.0154
C105715,0.3762
C105716,0.0302
C105717,0.0772
C105718,0.1118
C105719,0.247
C105720,0.1008
C105721,0.224
C105722,0.2569
C105723,0.1649
C105724,0.3371
C105725,0.1001
C105726,0.031
C105727,0.2239
C105728,0.3195
C105729,0.2472
C105730,0.0876
C105731,0.0619
C105732,0.1035
C105733,0.5856
C105734,0.1706
C105735,0.0758
C105736,0.0749
C105737,0.0503
C105738,0.0717
C105739,0.4977
C105740,0.2498
C105741,0.0835
C105742,0.1435
C105743,0.7055
C105744,0.0532
C105745,0.0486
C105746,0.7408
C105747,0.0388
C105748,0.0536
C105749,0.2288
C105750,0.2124
C105751,0.1896
C105752,0.1077
C105753,0.0812
C105754,0.2161
C105755,0.1255
C105756,0.0617
C105757,0.1253
C105758,0.8595
C105759,0.0397
C105760,0.2657
C105761,0.1786
C105762,0.0549
C105763,0.0737
C105764,0.2683
C105765,0.094
C105766,0.0567
C105767,0.078
C105768,0.1184
C105769,0.1859
C105770,0.2813
C105771,0.2688
C105772,0.164
C105773,0.3722
C105774,0.122
C105775,0.1909
C105776,0.4103
C105777,0.1275
C105778,0.0911
C105779,0.5151
C105780,0.2225
C105781,0.0562
C105782,0.2768
C105783,0.3157
C105784,0.0298
C105785,0.1655
C105786,0.2861
C105787,0.1998
C105788,0.1199
C105789,0.5494
C105790,0.2325
C105791,0.1789
C105792,0.101
C105793,0.0271
C105794,0.3855
C105795,0.1553
C105796,0.0288
C105797,0.1338
C105798,0.0278
C105799,0.1981
C105800,0.1222
C105801,0.2438
C105802,0.1279
C105803,0.5474
C105804,0.4023
C105805,0.1842
C105806,0.0433
C105807,0.0942
C105808,0.2412
C105809,0.2942
C105810,0.1905
C105811,0.3414
C105812,0.1855
C105813,0.2272
C105814,0.0639
C105815,0.2058
C105816,0.1509
C105817,0.1008
C105818,0.3943
C105819,0.1502
C105820,0.0721
C105821,0.4456
C105822,0.0306
C105823,0.0319
C105824,0.2439
C105825,0.175
C105826,0.1041
C105827,0.1426
C105828,0.1561
C105829,0.0623
C105830,0.0539
C105831,0.0538
C105832,0.0615
C105833,0.0707
C105834,0.0468
C105835,0.1834
C105836,0.6992
C105837,0.1286
C105838,0.0791
C105839,0.0878
C105840,0.0677
C105841,0.7373
C105842,0.3319
C105843,0.6849
C105844,0.1072
C105845,0.2357
C105846,0.3569
C105847,0.2058
C105848,0.139
C105849,0.1259
C105850,0.1846
C105851,0.0616
C105852,0.598
C105853,0.1116
C105854,0.4741
C105855,0.4489
C105856,0.1343
C105857,0.444
C105858,0.2417
C105859,0.1575
C105860,0.1228
C105861,0.2212
C105862,0.0545
C105863,0.2013
C105864,0.2314
C105865,0.1354
C105866,0.0763
C105867,0.3334
C105868,0.0913
C105869,0.1081
C105870,0.1974
C105871,0.1157
C105872,0.0392
C105873,0.0731
C105874,0.0476
C105875,0.0218
C105876,0.0627
C105877,0.113
C105878,0.0615
C105879,0.6491
C105880,0.1299
C105881,0.0481
C105882,0.0679
C105883,0.1785
C105884,0.0855
C105885,0.143
C105886,0.5879
C105887,0.1727
C105888,0.1436
C105889,0.4458
C105890,0.0394
C105891,0.1985
C105892,0.1394
C105893,0.2217
C105894,0.2149
C105895,0.2135
C105896,0.3117
C105897,0.8366
C105898,0.2212
C105899,0.0826
C105900,0.0675
C105901,0.0741
C105902,0.0866
C105903,0.0761
C105904,0.0477
C105905,0.0602
C105906,0.0562
C105907,0.0504
C105908,0.7229
C105909,0.0833
C105910,0.0756
C105911,0.52
C105912,0.131
C105913,0.4871
C105914,0.0273
C105915,0.0821
C105916,0.5382
C105917,0.1223
C105918,0.0571
C105919,0.1492
C105920,0.1031
C105921,0.0865
C105922,0.0833
C105923,0.0943
C105924,0.0921
C105925,0.0381
C105926,0.4177
C105927,0.0933
C105928,0.1779
C105929,0.156
C105930,0.2006
C105931,0.2469
C105932,0.1598
C105933,0.2501
C105934,0.1946
C105935,0.0088
C105936,0.2183
C105937,0.0706
C105938,0.0238
C105939,0.0666
C105940,0.0695
C105941,0.2079
C105942,0.1629
C105943,0.367
C105944,0.3479
C105945,0.3004
C105946,0.0884
C105947,0.2171
C105948,0.2443
C105949,0.35
C105950,0.2663
C105951,0.4989
C105952,0.1399
C105953,0.1298
C105954,0.2994
C105955,0.2472
C105956,0.6041
C105957,0.1278
C105958,0.11
C105959,0.0843
C105960,0.1364
C105961,0.034
C105962,0.1826
C105963,0.0785
C105964,0.2343
C105965,0.2786
C105966,0.1367
C105967,0.1454
C105968,0.2181
C105969,0.0556
C105970,0.0581
C105971,0.215
C105972,0.1647
C105973,0.246
C105974,0.1557
C105975,0.1333
C105976,0.3112
C105977,0.1419
C105978,0.1394
C105979,0.0672
C105980,0.1253
C105981,0.0854
C105982,0.1356
C105983,0.1688
C105984,0.0437
C105985,0.0686
C105986,0.1511
C105987,0.252
C105988,0.0219
C105989,0.067
C105990,0.2329
C105991,0.5714
C105992,0.1742
C105993,0.1684
C105994,0.0692
C105995,0.2739
C105996,0.0646
C105997,0.076
C105998,0.1058
C105999,0.0699
