week,country,log_trend,log_season,log_price,log_temperature,log_holidays,log_free_shipping,log_branded_search,log_tv,log_online_video,log_paid_search,log_paid_social,log_ar_error
2023-01-02,AT,0.0,0.19126,-0.00498,-0.12966,0.0,0.0,0.19359,0.0,0.01359,0.11188,0.04021,-0.0019
2023-01-09,AT,0.00148,0.18285,0.2931,-0.09234,0.0,0.0,0.21317,0.0,0.0152,0.1221,0.0625,-0.02277
2023-01-16,AT,0.00296,0.17179,0.00997,-0.12103,0.0,0.0,0.18134,0.0,0.01916,0.09744,0.09369,-0.00837
2023-01-23,AT,0.00444,0.15824,0.1463,-0.10717,0.0,0.0,0.18936,0.0,0.01588,0.13507,0.0987,-0.0506
2023-01-30,AT,0.00592,0.14241,-0.00207,-0.02876,0.0,0.0,0.20869,0.0,0.01269,0.14811,0.11899,-0.05685
2023-02-06,AT,0.0074,0.12451,0.3033,-0.09469,0.25,0.0,0.08092,0.0,0.01186,0.12402,0.12089,-0.0102
2023-02-13,AT,0.00888,0.1048,-0.00471,-0.00256,0.25,0.0,0.09874,0.0,0.01242,0.11945,0.09963,-0.07451
2023-02-20,AT,0.01036,0.08358,0.03011,-0.07966,0.0,0.08,0.25323,0.01067,0.01404,0.08507,0.257,-0.06277
2023-02-27,AT,0.01184,0.06115,-0.0083,-0.10197,0.0,0.0,0.27561,0.02221,0.01049,0.09759,0.09852,-0.02663
2023-03-06,AT,0.01332,0.03783,0.00958,-0.07233,0.0,0.0,0.34216,0.03109,0.01241,0.0983,0.07446,0.01156
2023-03-13,AT,0.0148,0.01397,0.01787,-0.00584,0.0,0.0,0.32092,0.02475,0.01369,0.08713,0.11825,-0.00576
2023-03-20,AT,0.01628,-0.0101,0.20052,-0.05422,0.18,0.0,0.27824,0.0172,0.01209,0.10804,0.09662,0.04059
2023-03-27,AT,0.01776,-0.03402,0.00113,-0.00839,0.18,0.08,0.14612,0.01038,0.01334,0.10327,0.29474,0.06423
2023-04-03,AT,0.01924,-0.05745,-0.00291,-0.03421,0.18,0.0,0.14148,0.0056,0.01185,0.12883,0.13274,0.09027
2023-04-10,AT,0.02072,-0.08005,0.30517,-0.09026,0.0,0.08,0.06852,0.00282,0.01551,0.11818,0.23746,0.07909
2023-04-17,AT,0.0222,-0.10149,0.00999,-0.00121,0.0,0.0,0.00237,0.00136,0.01146,0.10616,0.07467,0.07216
2023-04-24,AT,0.02368,-0.12145,-0.00818,-0.00366,0.0,0.0,0.07623,0.00064,0.01557,0.11682,0.07093,0.01185
2023-05-01,AT,0.02516,-0.13966,0.00953,-0.01267,0.0,0.0,0.03242,0.0003,0.01418,0.01815,0.11396,0.00345
2023-05-08,AT,0.02664,-0.15585,0.00327,-0.09141,0.15,0.0,0.00611,0.00012,0.01553,0.12274,0.10917,0.04662
2023-05-15,AT,0.02812,-0.16978,0.13435,-0.066,0.0,0.0,0.06724,4e-05,0.01804,0.08863,0.07823,-0.04732
2023-05-22,AT,0.0296,-0.18125,-0.00929,-0.28245,0.0,0.0,-0.05761,0.0,0.01238,0.0639,0.07462,0.02961
2023-05-29,AT,0.03108,-0.19009,0.0405,-0.00155,0.0,0.0,0.0662,0.0,0.01268,0.1136,0.06169,0.04427
2023-06-05,AT,0.03256,-0.19618,0.00563,-0.07317,0.0,0.0,-0.00788,0.0,0.00994,0.1181,0.10054,0.10227
2023-06-12,AT,0.03404,-0.19943,-0.00229,-0.15788,0.0,0.0,0.07217,0.0,0.01302,0.09533,0.09267,-0.04496
2023-06-19,AT,0.03552,-0.1998,-0.00826,-0.05565,0.0,0.0,-0.10127,0.0,0.01257,0.08163,0.08967,0.01916
2023-06-26,AT,0.037,-0.19726,-0.01019,-0.00728,0.0,0.0,0.03822,0.00932,0.01263,0.08981,0.09597,0.0023
2023-07-03,AT,0.03848,-0.19188,-0.02737,-0.31432,0.0,0.08,0.1138,0.01788,0.00962,0.0777,0.26507,-0.01193
2023-07-10,AT,0.03996,-0.18371,-0.00224,-0.52693,0.0,0.08,0.14968,0.02398,0.00676,0.06863,0.3059,0.01504
2023-07-17,AT,0.04144,-0.17288,0.003,-0.50145,0.0,0.0,0.10555,0.01641,0.00837,0.0865,0.08396,0.03294
2023-07-24,AT,0.04292,-0.15955,0.01557,-0.26067,0.0,0.0,0.11711,0.00977,0.01698,0.10614,0.07467,0.03096
2023-07-31,AT,0.0444,-0.14391,0.01785,-0.18725,0.0,0.0,0.05018,0.00522,0.01166,0.09074,0.07297,-0.08871
2023-08-07,AT,0.04588,-0.12618,0.19409,-0.11342,0.0,0.0,0.03657,0.00261,0.0082,0.01162,0.07731,-0.01258
2023-08-14,AT,0.04736,-0.10663,-0.00088,-0.24227,0.0,0.0,-0.00295,0.00126,0.00983,0.11949,0.08503,0.02589
2023-08-21,AT,0.04884,-0.08553,0.00726,-0.28648,0.0,0.08,0.09633,0.00059,0.01471,0.11223,0.24533,0.04584
2023-08-28,AT,0.05032,-0.06319,-0.0166,-0.06591,0.0,0.08,0.09718,0.00028,0.01779,0.15203,0.08382,0.02401
2023-09-04,AT,0.0518,-0.03994,0.14455,-0.24698,0.0,0.08,0.14013,0.00013,0.01657,0.10709,0.24809,0.02005
2023-09-11,AT,0.05328,-0.01611,0.01234,-0.0951,0.0,0.0,0.15291,5e-05,0.01403,0.11674,0.09535,-0.0261
2023-09-18,AT,0.05476,0.00795,0.01265,-0.10829,0.0,0.0,0.17891,1e-05,0.01507,0.08887,0.10236,0.00928
2023-09-25,AT,0.05624,0.0319,-0.01035,-0.47019,0.0,0.08,0.08488,0.0,0.01176,0.10383,0.23321,0.02277
2023-10-02,AT,0.05772,0.05539,0.12361,-0.01214,0.0,0.08,0.12451,0.0,0.01036,0.11519,0.26862,0.01465
2023-10-09,AT,0.0592,0.07807,0.00506,-0.00033,0.0,0.08,0.06489,0.0,0.01175,0.11477,0.31071,-0.0142
2023-10-16,AT,0.06068,0.09963,0.00548,-0.10924,0.0,0.0,0.17957,0.00623,0.01091,0.1351,0.10241,-0.07178
2023-10-23,AT,0.06216,0.11974,0.11722,-0.20979,0.0,0.08,0.3434,0.01733,0.01432,0.09752,0.22071,-0.04273
2023-10-30,AT,0.06364,0.13811,0.13208,-0.03106,0.0,0.0,0.25353,0.02379,0.01643,0.11677,0.12943,-0.04143
2023-11-06,AT,0.06512,0.15449,-0.0073,-0.011,0.0,0.0,0.30314,0.02537,0.01474,0.09196,0.11868,-0.04931
2023-11-13,AT,0.0666,0.16863,0.01828,-0.12447,0.0,0.08,0.39034,0.02692,0.01662,0.10211,0.23046,-0.17076
2023-11-20,AT,0.06808,0.18033,0.39198,-0.00064,0.35,0.0,0.38541,0.02561,0.01585,0.11836,0.08293,-0.06623
2023-11-27,AT,0.06956,0.18941,-0.01352,-0.00172,0.0,0.0,0.40454,0.02779,0.01853,0.13368,0.07805,-0.04559
2023-12-04,AT,0.07104,0.19575,0.01043,-0.07906,0.45,0.08,0.37352,0.03039,0.01816,0.13375,0.27229,-0.05127
2023-12-11,AT,0.07252,0.19926,0.00326,-0.0055,0.45,0.08,0.37624,0.02826,0.01748,0.1306,0.28815,-0.03051
2023-12-18,AT,0.074,0.19988,0.01106,-0.00055,0.45,0.08,0.35044,0.02112,0.01417,0.13535,0.27233,0.00856
2023-12-25,AT,0.07548,0.19761,0.00061,-0.08479,0.0,0.0,0.33238,0.01369,0.01965,0.12893,0.11712,0.01421
2024-01-01,AT,0.07696,0.19224,0.10517,-0.14013,0.0,0.0,0.25937,0.00776,0.0208,0.10924,0.13484,-0.02267
2024-01-08,AT,0.07844,0.18422,-0.05692,-0.03082,0.0,0.0,0.20884,0.00397,0.0189,0.12898,0.12509,-0.02058
2024-01-15,AT,0.07992,0.17353,-0.05698,-0.05657,0.0,0.0,0.24974,0.00189,0.01689,0.10942,0.11622,-0.05472
2024-01-22,AT,0.0814,0.16032,-0.04888,-0.12957,0.0,0.0,0.24344,0.00086,0.01761,0.10122,0.10305,0.01747
2024-01-29,AT,0.08288,0.1448,-0.05367,-0.00021,0.0,0.0,0.21477,0.00037,0.0151,0.12285,0.08017,0.06389
2024-02-05,AT,0.08436,0.12718,-0.03014,-0.05123,0.25,0.08,0.14075,0.00016,0.01799,0.14962,0.06135,0.00471
2024-02-12,AT,0.08584,0.10772,0.17374,-0.12252,0.25,0.0,0.14545,5e-05,0.0166,0.10102,0.11272,0.04118
2024-02-19,AT,0.08732,0.08669,0.15426,-0.00698,0.0,0.0,0.22559,1e-05,0.0215,0.11719,0.11708,0.05063
2024-02-26,AT,0.0888,0.06442,-0.04307,-0.02646,0.0,0.08,0.17901,0.0,0.01913,0.0847,0.21923,0.01069
2024-03-04,AT,0.09028,0.0412,-0.06323,-0.13979,0.0,0.08,0.19012,0.0,0.02094,0.15016,0.30131,-0.02191
2024-03-11,AT,0.09176,0.0174,-0.04946,-0.09541,0.18,0.08,0.07894,0.0,0.0172,0.15041,0.28808,-0.06543
2024-03-18,AT,0.09324,-0.00666,-0.06476,-0.00534,0.18,0.08,0.00247,0.0,0.01325,0.12415,0.42734,0.00793
2024-03-25,AT,0.09472,-0.03063,-0.04425,-0.01861,0.18,0.0,0.1462,0.0,0.01233,0.11328,0.13309,-0.04482
2024-04-01,AT,0.0962,-0.05415,-0.04538,-0.00478,0.0,0.08,0.12717,0.0,0.01414,0.13309,0.14686,-0.01699
2024-04-08,AT,0.09768,-0.07688,-0.05761,-0.00046,0.0,0.08,0.11422,0.0,0.01352,0.10602,0.25382,-0.00668
2024-04-15,AT,0.09916,-0.09851,0.00097,-0.06156,0.0,0.0,0.06485,0.0,0.01476,0.10744,0.08157,-0.03786
2024-04-22,AT,0.10064,-0.1187,-0.04265,-4e-05,0.0,0.0,0.13488,0.0,0.01854,0.1417,0.10736,-0.0244
2024-04-29,AT,0.10212,-0.13718,-0.04168,-0.03975,0.0,0.08,0.00795,0.0,0.01585,0.15298,0.272,0.03314
2024-05-06,AT,0.1036,-0.15367,-0.06389,-0.13377,0.15,0.0,-0.09095,0.0,0.01431,0.08916,0.09586,0.03753
2024-05-13,AT,0.10508,-0.16793,-0.04339,-0.18134,0.0,0.0,-0.00541,0.0,0.01136,0.11523,0.08705,-0.03792
2024-05-20,AT,0.10656,-0.17977,0.16293,-0.24857,0.0,0.0,0.12482,0.00452,0.0158,0.07424,0.10908,-0.05706
2024-05-27,AT,0.10804,-0.18899,0.08593,-0.2525,0.0,0.08,0.12667,0.01574,0.01274,0.13042,0.25342,-0.01726
2024-06-03,AT,0.10952,-0.19549,-0.04915,-0.45481,0.0,0.08,0.14945,0.02117,0.01204,0.06876,0.08842,0.04331
2024-06-10,AT,0.111,-0.19915,-0.04593,-0.7144,0.0,0.0,0.18501,0.02154,0.01228,0.07889,0.08019,0.0826
2024-06-17,AT,0.11248,-0.19992,-0.05694,-0.23986,0.0,0.0,0.06096,0.01406,0.01097,0.11869,0.11043,0.03729
2024-06-24,AT,0.11396,-0.1978,-0.0381,-0.42619,0.0,0.0,0.06317,0.00805,0.01105,0.10432,0.09835,-0.02252
2024-07-01,AT,0.11544,-0.19282,-0.01766,-0.4154,0.0,0.08,-0.02597,0.00419,0.01336,0.13555,0.26008,-0.00275
2024-07-08,AT,0.11692,-0.18504,0.18004,-0.10196,0.0,0.08,-0.04207,0.00206,0.01196,0.13233,0.24957,-0.08689
2024-07-15,AT,0.1184,-0.17459,-0.05379,-0.34106,0.0,0.0,-0.06151,0.00099,0.01315,0.13407,0.08483,-0.0819
2024-07-22,AT,0.11988,-0.1616,0.19863,-0.31362,0.0,0.0,0.08916,0.00046,0.01452,0.1025,0.08777,0.0079
2024-07-29,AT,0.12136,-0.14628,-0.03933,-0.14908,0.0,0.0,-0.00483,0.00022,0.01629,0.11808,0.09059,0.01806
2024-08-05,AT,0.12284,-0.12883,-0.05009,-0.23552,0.0,0.0,0.04199,9e-05,0.01573,0.08907,0.11337,0.0385
2024-08-12,AT,0.12432,-0.10952,-0.03084,-0.05225,0.0,0.0,0.11576,3e-05,0.01645,0.11457,0.04296,-0.06579
2024-08-19,AT,0.1258,-0.08863,-0.03827,-0.22521,0.0,0.08,0.14059,1e-05,0.01367,0.0928,0.19027,-0.00399
2024-08-26,AT,0.12728,-0.06645,-0.03328,-0.22316,0.0,0.0,0.07532,0.0,0.01183,0.14733,0.12753,0.01146
2024-09-02,AT,0.12876,-0.04331,-0.05584,-0.231,0.0,0.0,0.09628,0.0,0.01523,0.12619,0.10546,-0.03498
2024-09-09,AT,0.13024,-0.01954,0.07434,-0.1239,0.0,0.08,0.21628,0.01131,0.01595,0.11614,0.21628,0.02898
2024-09-16,AT,0.13172,0.00452,-0.04915,-0.1067,0.0,0.0,0.38122,0.02354,0.01462,0.12359,0.10726,0.04798
2024-09-23,AT,0.1332,0.0285,-0.03261,-0.04842,0.0,0.0,0.33115,0.02568,0.0123,0.11371,0.07925,-0.04687
2024-09-30,AT,0.13468,0.05208,-0.05163,-0.04157,0.0,0.0,0.35908,0.02611,0.02005,0.13913,0.1038,-0.02722
2024-10-07,AT,0.13616,0.07489,0.19458,-0.01987,0.0,0.0,0.3027,0.02663,0.01741,0.1364,0.11494,0.02304
2024-10-14,AT,0.13764,0.09663,0.14759,-0.00681,0.0,0.0,0.36621,0.02584,0.01916,0.14287,0.13287,0.07932
2024-10-21,AT,0.13912,0.11696,-0.04106,-0.0,0.0,0.0,0.36371,0.02645,0.01631,0.15492,0.1409,0.1309
2024-10-28,AT,0.1406,0.13561,-0.05383,-0.06786,0.0,0.0,0.33233,0.02668,0.01458,0.12978,0.12138,0.01285
2024-11-04,AT,0.14208,0.15228,-0.05815,-0.02338,0.0,0.0,0.40043,0.02911,0.01655,0.09783,0.12052,0.04468
2024-11-11,AT,0.14356,0.16676,-0.05557,-0.0005,0.0,0.0,0.38147,0.02973,0.0172,0.11941,0.11473,-0.02419
2024-11-18,AT,0.14504,0.17881,-0.04752,-0.03338,0.0,0.0,0.43508,0.02761,0.01477,0.15328,0.1152,-0.09087
2024-11-25,AT,0.14652,0.18828,0.32121,-0.11762,0.35,0.0,0.34313,0.02791,0.01723,0.13497,0.10969,-0.1191
2024-12-02,AT,0.148,0.19502,-0.03141,-0.00289,0.45,0.08,0.37162,0.02965,0.01672,0.10227,0.36004,-0.07508
2024-12-09,AT,0.14948,0.19894,-0.02167,-0.00038,0.45,0.08,0.35669,0.02882,0.01777,0.10652,0.31516,-0.02229
2024-12-16,AT,0.15096,0.19997,-0.03453,-0.07695,0.45,0.08,0.33141,0.02177,0.01706,0.13861,0.31721,-0.01723
2024-12-23,AT,0.15244,0.19811,-0.03533,-0.13794,0.0,0.0,0.26856,0.01422,0.01679,0.10012,0.10457,0.01589
2024-12-30,AT,0.15392,0.19338,-0.12844,-0.30905,0.0,0.0,0.19969,0.00812,0.01363,0.11618,0.12524,-0.01746
2025-01-06,AT,0.1554,0.18679,-0.08364,-0.13742,0.0,0.08,0.1971,0.00418,0.01729,0.12117,0.27461,0.02226
2025-01-13,AT,0.15688,0.17684,-0.0527,-0.18058,0.0,0.0,0.20661,0.00201,0.01809,0.09687,0.1329,0.03958
2025-01-20,AT,0.15836,0.16434,-0.07383,-0.17444,0.0,0.0,0.20659,0.0009,0.01756,0.13914,0.10792,-0.00519
2025-01-27,AT,0.15984,0.14946,-0.0746,-3e-05,0.0,0.0,0.13812,0.00038,0.01838,0.13787,0.09126,-0.0713
2025-02-03,AT,0.16132,0.13241,-0.08181,-0.06789,0.0,0.0,0.10734,0.00016,0.017,0.10079,0.12785,-0.01099
2025-02-10,AT,0.1628,0.11345,-0.1122,-0.04036,0.25,0.08,0.15959,6e-05,0.01773,0.13557,0.29211,-0.04772
2025-02-17,AT,0.16428,0.09284,0.04942,-0.05657,0.0,0.0,0.16009,1e-05,0.01548,0.12626,0.10969,-0.08332
2025-02-24,AT,0.16576,0.07089,-0.07082,-0.08025,0.0,0.0,0.10443,0.0,0.01255,0.16286,0.12575,-0.05918
2025-03-03,AT,0.16724,0.04791,0.12716,-0.01911,0.0,0.0,0.08335,0.0,0.01666,0.13152,0.08869,0.003
2025-03-10,AT,0.16872,0.02424,0.14215,-0.02802,0.0,0.08,0.07047,0.0,0.01799,0.10306,0.26966,-0.03922
2025-03-17,AT,0.1702,0.00022,-0.05562,-0.04139,0.0,0.0,0.13539,0.0,0.01594,0.13066,0.09769,-0.02504
2025-03-24,AT,0.17168,-0.02381,0.04626,-0.02399,0.0,0.0,0.03484,0.0,0.01337,0.14259,0.06967,0.04637
2025-03-31,AT,0.17316,-0.04749,-0.08718,-0.01441,0.18,0.0,0.09703,0.0,0.01567,0.11043,0.11576,0.0802
2025-04-07,AT,0.17464,-0.07049,-0.09994,-0.02557,0.18,0.0,-0.00737,0.0,0.01714,0.15975,0.08613,-0.00868
2025-04-14,AT,0.17612,-0.09246,-0.08789,-0.01451,0.18,0.0,0.00212,0.0,0.01709,0.1089,0.11442,0.07094
2025-04-21,AT,0.1776,-0.1131,-0.07511,-0.00757,0.0,0.08,0.06287,0.0,0.01477,0.10375,0.28086,0.01605
2025-04-28,AT,0.17908,-0.13209,-0.08694,-0.03469,0.0,0.08,0.04801,0.00867,0.01656,0.06929,0.31325,0.00525
2025-05-05,AT,0.18056,-0.14917,0.04672,-0.07426,0.15,0.0,0.13029,0.01457,0.01378,0.10648,0.05192,0.02437
2025-05-12,AT,0.18204,-0.1641,-0.09813,-0.15648,0.0,0.0,0.16785,0.01672,0.01629,0.01526,0.09566,-0.00502
2025-05-19,AT,0.18352,-0.17664,-0.06967,-0.0,0.0,0.0,0.20625,0.02189,0.01432,0.09535,0.09659,0.02318
2025-05-26,AT,0.185,-0.18663,-0.09183,-0.1331,0.0,0.0,0.15398,0.01439,0.01698,0.10703,0.10583,-0.00901
2025-06-02,AT,0.18648,-0.19392,-0.10689,-0.13923,0.0,0.0,0.27351,0.02317,0.01303,0.0154,0.13004,-0.0005
2025-06-09,AT,0.18796,-0.19839,-0.09755,-0.13731,0.0,0.0,0.14904,0.02132,0.01149,0.06627,0.11594,0.02847
2025-06-16,AT,0.18944,-0.2,-0.08347,-0.5277,0.0,0.08,0.22684,0.01945,0.00917,0.12721,0.24816,0.02726
2025-06-23,AT,0.19092,-0.1987,0.21206,-0.40496,0.0,0.0,0.22656,0.02109,0.01501,0.09993,0.03416,-0.0083
2025-06-30,AT,0.1924,-0.19453,-0.10303,-0.36442,0.0,0.0,0.22531,0.02978,0.01194,0.01364,0.11795,0.02078
2025-07-07,AT,0.19388,-0.18754,0.20103,-0.39931,0.0,0.0,0.19015,0.02301,0.0115,0.15706,0.08749,-0.00154
2025-07-14,AT,0.19536,-0.17784,-0.08408,-0.2505,0.0,0.08,0.17239,0.01542,0.02144,0.1227,0.22626,-0.0364
2025-07-21,AT,0.19684,-0.16556,-0.08641,-0.54346,0.0,0.0,0.14377,0.00899,0.01834,0.09645,0.10805,-0.04983
2025-07-28,AT,0.19832,-0.15088,0.11637,-0.38246,0.0,0.08,0.14504,0.00472,0.01797,0.08642,0.27985,0.01618
2025-08-04,AT,0.1998,-0.13402,-0.10254,-0.47074,0.0,0.08,0.22561,0.01857,0.01649,0.09167,0.23814,-0.01466
2025-08-11,AT,0.20128,-0.11521,-0.07849,-0.33294,0.0,0.0,0.29997,0.02143,0.02103,0.11989,0.10961,-0.02178
2025-08-18,AT,0.20276,-0.09474,-0.07961,-0.07922,0.0,0.08,0.30831,0.02648,0.0197,0.12196,0.25975,-0.00165
2025-08-25,AT,0.20424,-0.0729,-0.07946,-0.67024,0.0,0.0,0.31675,0.02726,0.01826,0.12521,0.09152,-0.0125
2025-09-01,AT,0.20572,-0.05,-0.08292,-0.16944,0.0,0.0,0.31264,0.02419,0.0177,0.02089,0.11418,0.04263
2025-09-08,AT,0.2072,-0.02637,-0.08564,-0.15712,0.0,0.08,0.18259,0.01659,0.014,0.10564,0.31944,0.03005
2025-09-15,AT,0.20868,-0.00237,-0.08731,-0.30058,0.0,0.0,0.16285,0.00979,0.01349,0.14273,0.054,0.06527
2025-09-22,AT,0.21016,0.02168,-0.07418,-0.1849,0.0,0.08,0.20857,0.00524,0.01585,0.11045,0.27538,0.05191
2025-09-29,AT,0.21164,0.0454,-0.10769,-0.05614,0.0,0.08,0.16681,0.00262,0.02038,0.11993,0.36377,0.08106
2025-10-06,AT,0.21312,0.06847,-0.0809,-0.05104,0.0,0.0,0.2391,0.00126,0.019,0.14511,0.14199,0.05449
2025-10-13,AT,0.2146,0.09055,0.20186,-0.00224,0.0,0.08,0.14234,0.0006,0.02047,0.11039,0.28871,-0.04255
2025-10-20,AT,0.21608,0.11132,-0.11089,-0.00355,0.0,0.0,0.15836,0.00025,0.015,0.0954,0.09908,-0.08327
2025-10-27,AT,0.21756,0.13047,-0.06955,-3e-05,0.0,0.0,0.2346,0.0001,0.0163,0.17154,0.12531,-0.08574
2025-11-03,AT,0.21904,0.14773,-0.08177,-0.00553,0.0,0.0,0.20554,0.00927,0.01927,0.12016,0.1082,-0.04317
2025-11-10,AT,0.22052,0.16286,0.21274,-0.01041,0.0,0.08,0.38035,0.02089,0.02211,0.12111,0.34832,-0.07199
2025-11-17,AT,0.222,0.17562,-0.10522,-0.03703,0.0,0.0,0.37691,0.02508,0.01975,0.1462,0.14209,-0.06401
2025-11-24,AT,0.22348,0.18585,0.32278,-0.08193,0.35,0.0,0.41686,0.03092,0.0234,0.13269,0.16353,-0.01679
2025-12-01,AT,0.22496,0.19338,-0.09752,-0.13008,0.45,0.08,0.42748,0.0305,0.02014,0.13133,0.36649,0.02782
2025-12-08,AT,0.22644,0.19811,-0.09178,-0.13803,0.45,0.08,0.40544,0.02943,0.02136,0.12912,0.429,0.00168
2025-12-15,AT,0.22792,0.19997,0.21681,-0.02194,0.45,0.08,0.33798,0.02256,0.01862,0.11033,0.3705,0.03355
2025-12-22,AT,0.2294,0.19894,-0.09805,-0.0027,0.0,0.0,0.35077,0.01502,0.01756,0.14441,0.1386,-0.00059
2025-12-29,AT,0.23088,0.19502,-0.14914,-0.04594,0.0,0.0,0.25464,0.00874,0.01496,0.1372,0.13904,-0.07673
2026-01-05,AT,0.23236,0.18799,-0.13374,-0.03506,0.0,0.0,0.19866,0.0046,0.0162,0.07734,0.14923,-0.04095
2026-01-12,AT,0.23384,0.17843,0.0635,-0.27063,0.0,0.08,0.17744,0.00228,0.01628,0.12559,0.31449,0.05827
2026-01-19,AT,0.23532,0.16628,0.15487,-0.0921,0.0,0.0,0.22687,0.00106,0.01602,0.13334,0.05233,0.092
2026-01-26,AT,0.2368,0.15172,-0.15435,-0.14324,0.0,0.08,0.31696,0.0176,0.01739,0.13752,0.25417,0.06942
2026-02-02,AT,0.23828,0.13497,-0.0185,-0.01829,0.0,0.0,0.29864,0.0211,0.01644,0.11812,0.10696,0.03735
2026-02-09,AT,0.23976,0.11627,0.14576,-0.04796,0.25,0.08,0.31663,0.02061,0.01462,0.11539,0.27087,-0.0111
2026-02-16,AT,0.24124,0.09588,-0.14729,-0.13586,0.0,0.08,0.33345,0.02734,0.01258,0.13569,0.35623,-0.01479
2026-02-23,AT,0.24272,0.0741,-0.15086,-0.01849,0.0,0.0,0.34731,0.03085,0.01348,0.11166,0.12233,0.00494
2026-03-02,AT,0.2442,0.05124,0.07365,-0.06293,0.0,0.0,0.35643,0.03029,0.01995,0.10046,0.11768,0.08135
2026-03-09,AT,0.24568,0.02765,-0.14,-0.10083,0.0,0.0,0.32083,0.02367,0.01667,0.12487,0.12674,0.10631
2026-03-16,AT,0.24716,0.00366,-0.10739,-0.02109,0.18,0.0,0.22441,0.0161,0.01537,0.13374,0.14873,0.01642
2026-03-23,AT,0.24864,-0.02039,-0.11811,-0.00541,0.18,0.0,0.19502,0.00954,0.01879,0.11696,0.13583,0.04421
2023-01-02,DE,0.0,0.19126,-0.01516,-0.04156,0.0,0.0,0.06497,0.0,0.00686,0.07543,0.07718,-0.02589
2023-01-09,DE,0.00218,0.18285,0.00342,-0.24822,0.0,0.08,0.23336,0.0,0.01411,0.09602,0.30573,-0.04441
2023-01-16,DE,0.00436,0.17179,0.38197,-0.464,0.0,0.0,0.2379,0.0,0.01944,0.14234,0.10127,-0.02016
2023-01-23,DE,0.00654,0.15824,0.00262,-0.10087,0.0,0.08,0.20934,0.0,0.02118,0.12868,0.26928,-0.01172
2023-01-30,DE,0.00872,0.14241,-0.02898,-0.15968,0.0,0.08,0.22006,0.0,0.01631,0.13707,0.26155,-0.03011
2023-02-06,DE,0.0109,0.12451,0.01568,-0.0212,0.25,0.0,0.15241,0.0,0.01658,0.12041,0.07623,-0.01091
2023-02-13,DE,0.01308,0.1048,0.02589,-0.10655,0.25,0.08,0.19224,0.0,0.01515,0.10499,0.19719,0.00145
2023-02-20,DE,0.01526,0.08358,0.0298,-0.00636,0.0,0.0,0.0901,0.0,0.01099,0.11405,0.06739,-0.02181
2023-02-27,DE,0.01744,0.06115,0.00836,-0.10443,0.0,0.0,0.17766,0.01213,0.00901,0.10704,0.09301,-0.09177
2023-03-06,DE,0.01961,0.03783,0.19143,-0.00945,0.0,0.0,0.26828,0.02297,0.01232,0.1135,0.12009,-0.0195
2023-03-13,DE,0.02179,0.01397,0.272,-0.00029,0.0,0.08,0.29944,0.02507,0.01418,0.14034,0.24014,-0.01902
2023-03-20,DE,0.02397,-0.0101,-0.00074,-0.06169,0.18,0.0,0.25814,0.02924,0.01037,0.12303,0.09103,0.03175
2023-03-27,DE,0.02615,-0.03402,-0.0303,-0.0646,0.18,0.0,0.22883,0.029,0.01073,0.13467,0.08955,0.03434
2023-04-03,DE,0.02833,-0.05745,0.02464,-0.04183,0.18,0.0,0.30398,0.02203,0.01862,0.13039,0.10345,0.02147
2023-04-10,DE,0.03051,-0.08005,-0.02121,-0.00249,0.0,0.0,0.23945,0.01452,0.01842,0.09615,0.08662,-0.04021
2023-04-17,DE,0.03269,-0.10149,-0.0039,-0.00316,0.0,0.0,0.18362,0.00837,0.01487,0.10818,0.10653,-0.0491
2023-04-24,DE,0.03487,-0.12145,0.02237,-0.01641,0.0,0.0,0.12791,0.00438,0.01352,0.0157,0.08805,0.00178
2023-05-01,DE,0.03705,-0.13966,-0.00011,-0.01266,0.0,0.0,0.0354,0.00216,0.01325,0.0748,0.08572,-0.07264
2023-05-08,DE,0.03923,-0.15585,0.15245,-0.00015,0.15,0.0,0.01285,0.00104,0.01153,0.08833,0.10286,-0.04397
2023-05-15,DE,0.04141,-0.16978,0.02331,-0.03468,0.0,0.0,0.04309,0.00046,0.01397,0.08083,0.0933,0.01185
2023-05-22,DE,0.04359,-0.18125,0.01108,-0.07846,0.0,0.0,-0.01138,0.00018,0.01123,0.10998,0.09965,-0.07307
2023-05-29,DE,0.04577,-0.19009,-3e-05,-0.07106,0.0,0.0,0.04409,7e-05,0.01267,0.11303,0.08679,-0.10565
2023-06-05,DE,0.04795,-0.19618,-0.0355,-0.05453,0.0,0.0,0.10444,1e-05,0.01895,0.12939,0.08338,-0.0982
2023-06-12,DE,0.05013,-0.19943,-0.00581,-0.26816,0.0,0.0,-0.03622,0.0,0.0154,0.11981,0.06426,-0.02892
2023-06-19,DE,0.05231,-0.1998,0.02255,-0.15366,0.0,0.0,-0.0304,0.0,0.01369,0.08897,0.04484,0.00826
2023-06-26,DE,0.05448,-0.19726,0.16562,-0.20179,0.0,0.0,-0.00312,0.0,0.0139,0.13078,0.0673,0.02867
2023-07-03,DE,0.05666,-0.19188,-0.00587,-0.11452,0.0,0.0,0.04971,0.0,0.01693,0.09946,0.07037,0.05018
2023-07-10,DE,0.05884,-0.18371,0.00746,-0.18438,0.0,0.0,-0.02092,0.0,0.01598,0.11799,0.07415,0.05046
2023-07-17,DE,0.06102,-0.17288,0.0115,-0.26971,0.0,0.0,0.05657,0.0,0.01274,0.10413,0.08893,0.04001
2023-07-24,DE,0.0632,-0.15955,0.02657,-0.27677,0.0,0.0,0.03101,0.0,0.01254,0.10551,0.11205,-0.01521
2023-07-31,DE,0.06538,-0.14391,0.01602,-0.39594,0.0,0.0,-0.03054,0.0,0.01414,0.1359,0.09228,-0.05451
2023-08-07,DE,0.06756,-0.12618,0.0187,-0.27433,0.0,0.0,0.02512,0.0,0.01495,0.07387,0.08623,-0.04435
2023-08-14,DE,0.06974,-0.10663,0.00152,-0.11866,0.0,0.0,0.03334,0.0,0.01534,0.10847,0.09566,-0.06463
2023-08-21,DE,0.07192,-0.08553,-0.01668,-0.2113,0.0,0.08,0.10914,0.0,0.01487,0.16328,0.25728,-0.00965
2023-08-28,DE,0.0741,-0.06319,-0.00692,-0.26139,0.0,0.0,0.13295,0.0,0.01434,0.1522,0.11575,-0.02788
2023-09-04,DE,0.07628,-0.03994,-0.01594,-0.24219,0.0,0.0,0.09033,0.0,0.01289,0.13379,0.09625,-0.05471
2023-09-11,DE,0.07846,-0.01611,0.02439,-0.171,0.0,0.0,0.18607,0.01171,0.01466,0.11763,0.12176,0.0239
2023-09-18,DE,0.08064,0.00795,-0.0125,-0.21927,0.0,0.0,0.25812,0.01764,0.01465,0.14154,0.11589,-0.07067
2023-09-25,DE,0.08282,0.0319,-0.01006,-0.09804,0.0,0.0,0.36902,0.0313,0.0163,0.14308,0.11202,-0.01983
2023-10-02,DE,0.085,0.05539,0.00805,-0.13312,0.0,0.0,0.33531,0.02882,0.01673,0.1115,0.09185,-0.00896
2023-10-09,DE,0.08718,0.07807,-0.01746,-0.02128,0.0,0.0,0.32788,0.02571,0.01617,0.13961,0.10735,0.02038
2023-10-16,DE,0.08936,0.09963,0.01004,-0.03376,0.0,0.0,0.35068,0.02325,0.01911,0.12258,0.11163,0.02238
2023-10-23,DE,0.09153,0.11974,0.19473,-0.02541,0.0,0.08,0.31911,0.0225,0.0163,0.10366,0.34059,0.02588
2023-10-30,DE,0.09371,0.13811,0.36353,-0.06508,0.0,0.0,0.15416,0.01496,0.01353,0.11079,0.13344,0.00747
2023-11-06,DE,0.09589,0.15449,0.01461,-0.00742,0.0,0.0,0.29594,0.02697,0.01619,0.11428,0.12514,-0.05837
2023-11-13,DE,0.09807,0.16863,-0.00152,-0.0,0.0,0.0,0.30731,0.02393,0.01382,0.09007,0.14152,-0.033
2023-11-20,DE,0.10025,0.18033,0.46891,-0.09932,0.35,0.08,0.34515,0.0235,0.01214,0.12494,0.31689,0.05988
2023-11-27,DE,0.10243,0.18941,-0.00386,-0.00197,0.0,0.0,0.39982,0.02709,0.01884,0.10717,0.08362,0.01104
2023-12-04,DE,0.10461,0.19575,-0.00365,-0.17788,0.45,0.08,0.3713,0.02866,0.01563,0.1156,0.30583,0.00241
2023-12-11,DE,0.10679,0.19926,0.00484,-0.06934,0.45,0.08,0.37572,0.0278,0.01705,0.1596,0.20798,0.00205
2023-12-18,DE,0.10897,0.19988,0.00081,-0.12367,0.45,0.08,0.34245,0.02055,0.01686,0.13078,0.25637,-0.00962
2023-12-25,DE,0.11115,0.19761,0.03168,-0.07312,0.0,0.0,0.28389,0.01315,0.01649,0.02294,0.11984,-0.00052
2024-01-01,DE,0.11333,0.19224,-0.06025,-0.26313,0.0,0.0,0.2616,0.00738,0.01815,0.0807,0.11678,-0.00735
2024-01-08,DE,0.11551,0.18422,-0.05878,-0.2783,0.0,0.0,0.23734,0.00377,0.01507,0.08439,0.09897,-0.07764
2024-01-15,DE,0.11769,0.17353,-0.07703,-0.18442,0.0,0.08,0.24552,0.00185,0.01849,0.11349,0.26487,-0.03175
2024-01-22,DE,0.11987,0.16032,-0.09423,-0.09836,0.0,0.0,0.19755,0.00081,0.01413,0.13956,0.12606,0.00813
2024-01-29,DE,0.12205,0.1448,-0.05354,-0.01373,0.0,0.0,0.20305,0.00037,0.01331,0.10669,0.14937,0.02876
2024-02-05,DE,0.12423,0.12718,-0.09679,-0.08568,0.25,0.0,0.20161,0.00015,0.01762,0.11661,0.14425,0.0327
2024-02-12,DE,0.12641,0.10772,0.32945,-0.01365,0.25,0.08,0.21186,5e-05,0.01744,0.12966,0.33048,0.04036
2024-02-19,DE,0.12858,0.08669,-0.05864,-0.02976,0.0,0.0,0.26018,1e-05,0.02147,0.13709,0.13311,0.12331
2024-02-26,DE,0.13076,0.06442,-0.05687,-0.01399,0.0,0.08,0.18292,0.0,0.0206,0.10867,0.32328,0.02219
2024-03-04,DE,0.13294,0.0412,-0.05121,-0.04378,0.0,0.0,0.13446,0.0,0.02156,0.01583,0.12408,0.06596
2024-03-11,DE,0.13512,0.0174,-0.07196,-0.0083,0.18,0.0,0.09054,0.0,0.0174,0.10753,0.10283,0.09632
2024-03-18,DE,0.1373,-0.00666,0.19459,-0.03113,0.18,0.0,0.15951,0.0,0.01549,0.11556,0.09797,0.0675
2024-03-25,DE,0.13948,-0.03063,-0.07057,-0.00268,0.18,0.08,0.07083,0.0,0.01316,0.09536,0.2087,0.00938
2024-04-01,DE,0.14166,-0.05415,-0.05756,-0.02966,0.0,0.08,0.09772,0.0,0.015,0.13208,0.06513,0.11536
2024-04-08,DE,0.14384,-0.07688,-0.07578,-6e-05,0.0,0.08,0.02287,0.0,0.01722,0.10728,0.01518,0.06058
2024-04-15,DE,0.14602,-0.09851,-0.06917,-0.00396,0.0,0.0,0.06292,0.0,0.01509,0.08684,0.10725,0.03421
2024-04-22,DE,0.1482,-0.1187,-0.04465,-0.00047,0.0,0.0,0.2056,0.01967,0.01525,0.12134,0.09359,0.0024
2024-04-29,DE,0.15038,-0.13718,-0.09891,-0.19833,0.0,0.0,0.21038,0.0247,0.01192,0.12363,0.0977,-0.10086
2024-05-06,DE,0.15256,-0.15367,-0.08039,-3e-05,0.15,0.0,0.26869,0.02457,0.0133,0.02034,0.11128,-0.07547
2024-05-13,DE,0.15474,-0.16793,-0.08099,-0.3583,0.0,0.0,0.30191,0.02933,0.01446,0.08589,0.13277,-0.02277
2024-05-20,DE,0.15692,-0.17977,-0.0759,-0.15043,0.0,0.0,0.19719,0.0293,0.01055,0.08262,0.11269,-0.00262
2024-05-27,DE,0.1591,-0.18899,-0.07639,-0.33857,0.0,0.0,0.23715,0.02777,0.01323,0.10691,0.11946,-0.03433
2024-06-03,DE,0.16128,-0.19549,0.23141,-0.24887,0.0,0.0,0.27491,0.0282,0.01261,0.0994,0.09991,-0.02688
2024-06-10,DE,0.16345,-0.19915,-0.06626,-0.41131,0.0,0.0,0.16379,0.02646,0.00882,0.13638,0.10416,0.00061
2024-06-17,DE,0.16563,-0.19992,-0.05464,-0.15122,0.0,0.0,0.15832,0.01904,0.01156,0.11043,0.10705,-0.00169
2024-06-24,DE,0.16781,-0.1978,-0.05056,-0.38012,0.0,0.0,0.07709,0.01187,0.01274,0.10926,0.08823,-0.01645
2024-07-01,DE,0.16999,-0.19282,-0.03757,-0.24034,0.0,0.0,0.13034,0.00656,0.01549,0.09552,0.06296,-0.08249
2024-07-08,DE,0.17217,-0.18504,-0.07087,-0.25985,0.0,0.0,0.06164,0.00326,0.01527,0.10087,0.09306,-0.04217
2024-07-15,DE,0.17435,-0.17459,-0.0683,-0.19852,0.0,0.0,0.10296,0.00153,0.016,0.11803,0.08242,-0.02745
2024-07-22,DE,0.17653,-0.1616,0.33317,-0.59862,0.0,0.0,0.01705,0.0007,0.01358,0.10611,0.09365,-0.11255
2024-07-29,DE,0.17871,-0.14628,-0.07938,-0.24031,0.0,0.0,0.1243,0.00028,0.01394,0.08474,0.12335,-0.1196
2024-08-05,DE,0.18089,-0.12883,-0.04565,-0.08213,0.0,0.0,0.04792,0.00011,0.01331,0.09414,0.08377,-0.07664
2024-08-12,DE,0.18307,-0.10952,-0.06731,-0.34854,0.0,0.0,0.08537,4e-05,0.01878,0.12612,0.10475,-0.07643
2024-08-19,DE,0.18525,-0.08863,-0.07307,-0.41616,0.0,0.0,0.10996,1e-05,0.02119,0.07783,0.1228,-0.02638
2024-08-26,DE,0.18743,-0.06645,-0.02539,-0.36895,0.0,0.0,0.1493,0.0,0.02211,0.11479,0.14409,0.00886
2024-09-02,DE,0.18961,-0.04331,-0.06623,-0.15281,0.0,0.0,0.15959,0.01004,0.01666,0.11682,0.11461,-0.04362
2024-09-09,DE,0.19179,-0.01954,-0.07267,-0.15104,0.0,0.0,0.1888,0.0133,0.01738,0.08908,0.11291,-0.08069
2024-09-16,DE,0.19397,0.00452,-0.06,-0.17587,0.0,0.0,0.25211,0.02105,0.01466,0.15263,0.12236,-0.06571
2024-09-23,DE,0.19615,0.0285,-0.0572,-0.0564,0.0,0.0,0.29073,0.02594,0.01612,0.11239,0.12226,-0.08327
2024-09-30,DE,0.19833,0.05208,-0.07088,-0.06575,0.0,0.0,0.2982,0.02456,0.0144,0.14622,0.10212,-0.00918
2024-10-07,DE,0.2005,0.07489,-0.0814,-0.03675,0.0,0.0,0.34491,0.017,0.01993,0.15217,0.14106,0.05133
2024-10-14,DE,0.20268,0.09663,-0.08869,-0.00041,0.0,0.08,0.23415,0.01023,0.0168,0.13667,0.33669,-0.00389
2024-10-21,DE,0.20486,0.11696,-0.07931,-0.0181,0.0,0.08,0.16938,0.00551,0.01603,0.11691,0.34863,-0.01389
2024-10-28,DE,0.20704,0.13561,-0.08281,-0.0024,0.0,0.0,0.14269,0.00276,0.01308,0.11061,0.12667,-0.02226
2024-11-04,DE,0.20922,0.15228,-0.05791,-0.00354,0.0,0.0,0.28867,0.01563,0.01286,0.09154,0.05307,-0.02708
2024-11-11,DE,0.2114,0.16676,-0.04969,-0.04034,0.0,0.0,0.30484,0.0203,0.01588,0.09555,0.10878,-0.01756
2024-11-18,DE,0.21358,0.17881,-0.03472,-0.00334,0.0,0.0,0.33648,0.02564,0.01425,0.1241,0.13793,-0.04203
2024-11-25,DE,0.21576,0.18828,0.45398,-0.0052,0.35,0.08,0.32715,0.02292,0.01187,0.14955,0.27409,0.02272
2024-12-02,DE,0.21794,0.19502,-0.05447,-0.12897,0.45,0.08,0.42219,0.02936,0.01273,0.09784,0.24109,0.0631
2024-12-09,DE,0.22012,0.19894,-0.07788,-0.14937,0.45,0.08,0.3569,0.02931,0.01443,0.11022,0.33609,0.01345
2024-12-16,DE,0.2223,0.19997,-0.04674,-0.37116,0.45,0.08,0.33735,0.02239,0.01406,0.10294,0.37148,0.08064
2024-12-23,DE,0.22448,0.19811,-0.07373,-0.10831,0.0,0.0,0.30367,0.01486,0.01305,0.11965,0.11689,0.08381
2024-12-30,DE,0.22666,0.19338,-0.13133,-0.2327,0.0,0.0,0.24493,0.00862,0.01352,0.14514,0.15039,0.05013
2025-01-06,DE,0.22884,0.18679,-0.14289,-0.0225,0.0,0.0,0.22686,0.00453,0.01909,0.1336,0.13272,0.01478
2025-01-13,DE,0.23102,0.17684,-0.14065,-0.032,0.0,0.0,0.21693,0.00224,0.01833,0.13104,0.10253,0.02816
2025-01-20,DE,0.2332,0.16434,-0.0971,-0.09148,0.0,0.0,0.25312,0.00103,0.01502,0.09501,0.15263,0.06343
2025-01-27,DE,0.23537,0.14946,-0.13714,-0.19885,0.0,0.0,0.19167,0.00046,0.01385,0.1389,0.12985,0.03164
2025-02-03,DE,0.23755,0.13241,-0.12206,-0.23423,0.0,0.08,0.286,0.02417,0.01427,0.12595,0.3458,0.08837
2025-02-10,DE,0.23973,0.11345,0.24561,-0.05108,0.25,0.08,0.37867,0.02459,0.01488,0.02115,0.28348,0.04657
2025-02-17,DE,0.24191,0.09284,-0.14393,-0.05303,0.0,0.0,0.33031,0.02424,0.0151,0.12823,0.08001,-0.01357
2025-02-24,DE,0.24409,0.07089,-0.11325,-0.05693,0.0,0.0,0.27486,0.01662,0.01137,0.11624,0.09719,0.02052
2025-03-03,DE,0.24627,0.04791,-0.09901,-0.05444,0.0,0.0,0.21999,0.00993,0.01239,0.12539,0.12728,-0.02306
2025-03-10,DE,0.24845,0.02424,-0.12412,-0.01518,0.0,0.0,0.11944,0.00533,0.01053,0.13503,0.07667,-0.02108
2025-03-17,DE,0.25063,0.00022,-0.11532,-0.09623,0.0,0.08,0.13131,0.00266,0.01287,0.14705,0.29356,-0.02692
2025-03-24,DE,0.25281,-0.02381,-0.11378,-0.07494,0.0,0.08,0.11537,0.00128,0.0177,0.0954,0.25847,0.00058
2025-03-31,DE,0.25499,-0.04749,-0.1031,-0.00949,0.18,0.0,0.21354,0.00061,0.01595,0.12308,0.08454,-0.0677
2025-04-07,DE,0.25717,-0.07049,0.04971,-0.00227,0.18,0.08,0.14834,0.00028,0.01616,0.10234,0.26157,-0.09326
2025-04-14,DE,0.25935,-0.09246,-0.11601,-0.00113,0.18,0.0,0.10577,0.00013,0.01456,0.11041,0.1409,-0.06797
2025-04-21,DE,0.26153,-0.1131,-0.10906,-0.00993,0.0,0.0,0.12958,3e-05,0.01496,0.11521,0.13317,-0.09717
2025-04-28,DE,0.26371,-0.13209,-0.12764,-0.04869,0.0,0.0,0.0317,1e-05,0.01658,0.10615,0.12447,-0.02319
2025-05-05,DE,0.26589,-0.14917,-0.15404,-0.15831,0.15,0.0,0.03598,0.0,0.01812,0.13899,0.12926,0.10116
2025-05-12,DE,0.26807,-0.1641,-0.12523,-0.08045,0.0,0.08,0.10592,0.0,0.01741,0.11261,0.29686,0.12299
2025-05-19,DE,0.27025,-0.17664,-0.11036,-0.02953,0.0,0.0,-0.00338,0.0,0.01664,0.12767,0.14423,0.06921
2025-05-26,DE,0.27242,-0.18663,-0.14573,-0.4088,0.0,0.0,0.03188,0.0,0.01537,0.07822,0.11581,0.00609
2025-06-02,DE,0.2746,-0.19392,-0.12507,-0.30131,0.0,0.08,0.02024,0.0,0.01266,0.08461,0.20661,0.03527
2025-06-09,DE,0.27678,-0.19839,-0.12027,-0.01256,0.0,0.0,0.04479,0.0,0.01432,0.09062,0.11486,-0.02412
2025-06-16,DE,0.27896,-0.2,-0.12573,-0.2773,0.0,0.0,0.02239,0.0,0.01216,0.12432,0.11112,0.00493
2025-06-23,DE,0.28114,-0.1987,-0.1621,-0.25521,0.0,0.08,-0.04263,0.0,0.01688,0.16347,0.21501,-0.06165
2025-06-30,DE,0.28332,-0.19453,0.12779,-0.29879,0.0,0.08,-0.07163,0.0,0.01567,0.11929,0.27856,-0.1623
2025-07-07,DE,0.2855,-0.18754,-0.09985,-0.11577,0.0,0.0,-0.01493,0.0,0.0137,0.15174,0.10939,-0.09025
2025-07-14,DE,0.28768,-0.17784,-0.12243,-0.38563,0.0,0.0,0.06044,0.0,0.01238,0.11259,0.10185,-0.07788
2025-07-21,DE,0.28986,-0.16556,-0.11528,-0.26803,0.0,0.0,0.12702,0.01467,0.01462,0.1234,0.09954,-0.07965
2025-07-28,DE,0.29204,-0.15088,-0.1231,-0.42112,0.0,0.08,0.13994,0.01491,0.01257,0.08346,0.3176,0.01554
2025-08-04,DE,0.29422,-0.13402,-0.08262,-0.32633,0.0,0.0,0.17251,0.02452,0.01043,0.12291,0.10996,0.06335
2025-08-11,DE,0.2964,-0.11521,-0.11979,-0.30974,0.0,0.08,0.31804,0.02144,0.01837,0.09533,0.23791,0.03923
2025-08-18,DE,0.29858,-0.09474,0.05164,-0.164,0.0,0.0,0.2993,0.02837,0.01595,0.09777,0.11954,-0.02739
2025-08-25,DE,0.30076,-0.0729,-0.11734,-0.03852,0.0,0.08,0.20305,0.02125,0.01899,0.11891,0.25206,0.01689
2025-09-01,DE,0.30294,-0.05,-0.13645,-0.05771,0.0,0.0,0.23822,0.0138,0.01402,0.13787,0.13561,0.07524
2025-09-08,DE,0.30512,-0.02637,-0.13032,-0.09179,0.0,0.0,0.16754,0.00787,0.01983,0.11379,0.11261,0.07915
2025-09-15,DE,0.3073,-0.00237,-0.13246,-0.39316,0.0,0.0,0.34214,0.0225,0.01735,0.11266,0.10903,0.038
2025-09-22,DE,0.30947,0.02168,-0.12865,-0.16218,0.0,0.08,0.30446,0.02424,0.01535,0.12096,0.35854,0.0082
2025-09-29,DE,0.31165,0.0454,-0.12009,-0.06064,0.0,0.0,0.26709,0.02399,0.01654,0.15028,0.14727,-0.02774
2025-10-06,DE,0.31383,0.06847,0.18722,-0.02808,0.0,0.0,0.3036,0.02429,0.01602,0.09571,0.13791,-0.05712
2025-10-13,DE,0.31601,0.09055,0.24565,-0.02846,0.0,0.0,0.3579,0.02199,0.01644,0.09724,0.1377,-0.00216
2025-10-20,DE,0.31819,0.11132,-0.12092,-0.00023,0.0,0.0,0.27641,0.01442,0.01447,0.12991,0.12983,-0.06652
2025-10-27,DE,0.32037,0.13047,-0.10059,-0.00276,0.0,0.08,0.24496,0.00828,0.01212,0.11056,0.29198,-0.00969
2025-11-03,DE,0.32255,0.14773,-0.10373,-0.01177,0.0,0.0,0.27576,0.01972,0.01842,0.12852,0.11833,-0.07743
2025-11-10,DE,0.32473,0.16286,-0.1108,-0.00297,0.0,0.0,0.29944,0.02024,0.0146,0.12042,0.14214,-0.03082
2025-11-17,DE,0.32691,0.17562,-0.12099,-0.00072,0.0,0.0,0.3958,0.02698,0.01208,0.12332,0.13039,-0.01894
2025-11-24,DE,0.32909,0.18585,0.37618,-0.08248,0.35,0.0,0.37678,0.02521,0.02012,0.10176,0.1284,-0.01271
2025-12-01,DE,0.33127,0.19338,-0.14507,-0.30398,0.45,0.08,0.37845,0.02719,0.02324,0.08733,0.29539,0.01595
2025-12-08,DE,0.33345,0.19811,-0.10193,-0.17862,0.45,0.08,0.39963,0.02879,0.01902,0.08527,0.35877,0.04706
2025-12-15,DE,0.33563,0.19997,-0.13211,-0.28969,0.45,0.08,0.31688,0.02174,0.01973,0.11599,0.31063,0.01698
2025-12-22,DE,0.33781,0.19894,-0.12606,-0.04698,0.0,0.08,0.31702,0.0142,0.0187,0.15217,0.3181,0.01893
2025-12-29,DE,0.33999,0.19502,-0.17193,-0.27357,0.0,0.0,0.32237,0.00812,0.02104,0.12127,0.10194,0.02298
2026-01-05,DE,0.34217,0.18799,-0.17017,-0.04352,0.0,0.0,0.28593,0.00423,0.02081,0.12188,0.1256,-0.09696
2026-01-12,DE,0.34434,0.17843,-0.16571,-0.09857,0.0,0.0,0.2577,0.00209,0.02063,0.10964,0.13462,0.04967
2026-01-19,DE,0.34652,0.16628,-0.15089,-0.03731,0.0,0.0,0.174,0.00095,0.01716,0.10996,0.10108,0.0443
2026-01-26,DE,0.3487,0.15172,-0.19728,-0.07842,0.0,0.0,0.34988,0.01577,0.01601,0.01618,0.11887,0.05649
2026-02-02,DE,0.35088,0.13497,-0.19537,-0.10933,0.0,0.0,0.30448,0.02019,0.01876,0.10301,0.11168,0.03075
2026-02-09,DE,0.35306,0.11627,-0.17098,-0.47571,0.25,0.0,0.36745,0.02788,0.01635,0.0958,0.12933,0.02566
2026-02-16,DE,0.35524,0.09588,-0.20942,-0.08231,0.0,0.0,0.35905,0.02719,0.01752,0.10495,0.10933,0.02389
2026-02-23,DE,0.35742,0.0741,-0.20576,-0.01053,0.0,0.08,0.3751,0.03033,0.01771,0.10971,0.33917,0.00016
2026-03-02,DE,0.3596,0.05124,-0.15878,-0.00033,0.0,0.0,0.35476,0.02786,0.01788,0.10298,0.15932,-0.0288
2026-03-09,DE,0.36178,0.02765,-0.16102,-0.00479,0.0,0.0,0.32185,0.02845,0.0186,0.125,0.13894,-0.00419
2026-03-16,DE,0.36396,0.00366,0.00471,-0.01699,0.18,0.0,0.26102,0.02135,0.01433,0.10681,0.14027,-0.01953
2026-03-23,DE,0.36614,-0.02039,-0.15348,-0.00121,0.18,0.0,0.21695,0.01389,0.0151,0.09757,0.127,-0.00649
2023-01-02,CH,0.0,0.19126,0.18134,-0.24148,0.0,0.0,0.21954,0.0,0.01232,0.13028,0.05836,-0.05747
2023-01-09,CH,0.00505,0.18285,0.00058,-0.2392,0.0,0.0,0.21042,0.0,0.0153,0.07965,0.08793,0.04563
2023-01-16,CH,0.01009,0.17179,0.00131,-0.15884,0.0,0.0,0.15662,0.0,0.01519,0.14012,0.0868,0.06868
2023-01-23,CH,0.01514,0.15824,0.09021,-0.10216,0.0,0.0,0.15773,0.0,0.01336,0.13184,0.09713,0.00139
2023-01-30,CH,0.02018,0.14241,0.18379,-0.18199,0.0,0.0,0.11184,0.0,0.02046,0.08791,0.1054,0.05156
2023-02-06,CH,0.02523,0.12451,0.00588,-0.14067,0.25,0.0,0.21254,0.0,0.0195,0.15005,0.03778,-0.01796
2023-02-13,CH,0.03027,0.1048,-0.00763,-0.00689,0.25,0.0,0.21199,0.0,0.01672,0.12361,0.07016,-0.08638
2023-02-20,CH,0.03532,0.08358,-0.00203,-0.06471,0.0,0.0,0.12067,0.0,0.01478,0.09498,0.12632,-0.0222
2023-02-27,CH,0.04036,0.06115,-0.00431,-0.0414,0.0,0.08,0.16926,0.0,0.01488,0.08923,0.29629,0.08035
2023-03-06,CH,0.04541,0.03783,0.13056,-0.04477,0.0,0.08,0.06433,0.0,0.01132,0.11951,0.28363,0.04582
2023-03-13,CH,0.05045,0.01397,0.00922,-0.04044,0.0,0.08,0.15889,0.0,0.01549,0.1234,0.27328,-0.04101
2023-03-20,CH,0.0555,-0.0101,0.00519,-0.04535,0.18,0.0,0.07657,0.0,0.01262,0.12543,0.12399,-0.01769
2023-03-27,CH,0.06055,-0.03402,0.00656,-0.09264,0.18,0.0,0.04932,0.0,0.01121,0.12049,0.10478,-0.05382
2023-04-03,CH,0.06559,-0.05745,0.00056,-0.01072,0.18,0.0,0.06634,0.0,0.01081,0.11641,0.06937,-0.02472
2023-04-10,CH,0.07064,-0.08005,0.12437,-0.00162,0.0,0.0,0.08105,0.0,0.00854,0.09499,0.0682,-0.05423
2023-04-17,CH,0.07568,-0.10149,0.00663,-0.01481,0.0,0.0,0.12234,0.0,0.01736,0.11229,0.11503,-0.11753
2023-04-24,CH,0.08073,-0.12145,0.01343,-0.02036,0.0,0.0,0.06821,0.0,0.01344,0.09685,0.04411,-0.08033
2023-05-01,CH,0.08577,-0.13966,0.08097,-0.06841,0.0,0.0,0.08737,0.0,0.01215,0.11181,0.06506,-0.05703
2023-05-08,CH,0.09082,-0.15585,0.00178,-0.11856,0.15,0.0,-0.01474,0.0,0.01115,0.08924,0.08149,-0.0166
2023-05-15,CH,0.09586,-0.16978,-0.00202,-0.00442,0.0,0.0,-0.05999,0.0,0.00801,0.06449,0.08528,-0.02303
2023-05-22,CH,0.10091,-0.18125,0.00048,-0.19855,0.0,0.0,0.00381,0.0,0.01055,0.08827,0.05971,-0.05549
2023-05-29,CH,0.10595,-0.19009,0.00163,-0.0673,0.0,0.0,-0.08454,0.0,0.0108,0.11446,0.07328,0.01429
2023-06-05,CH,0.111,-0.19618,0.00151,-0.17786,0.0,0.0,0.06068,0.0,0.01011,0.01745,0.09329,0.02727
2023-06-12,CH,0.11605,-0.19943,0.01893,-0.00533,0.0,0.0,-0.04239,0.0,0.01269,0.07473,0.08105,0.01747
2023-06-19,CH,0.12109,-0.1998,0.13709,-0.13369,0.0,0.0,-0.04547,0.0,0.01047,0.10052,0.10537,-0.04486
2023-06-26,CH,0.12614,-0.19726,0.00219,-0.0056,0.0,0.0,0.00673,0.0,0.00952,0.10241,0.0962,-0.0102
2023-07-03,CH,0.13118,-0.19188,-0.00123,-0.23814,0.0,0.0,-0.00046,0.0,0.01266,0.06365,0.08429,-0.0296
2023-07-10,CH,0.13623,-0.18371,0.12895,-0.32443,0.0,0.0,-0.045,0.0,0.01331,0.06785,0.07609,-0.07626
2023-07-17,CH,0.14127,-0.17288,-0.00343,-0.16516,0.0,0.0,-0.04859,0.0,0.01276,0.12822,0.05437,-0.04896
2023-07-24,CH,0.14632,-0.15955,0.16764,-0.28214,0.0,0.0,0.04383,0.0,0.01435,0.08718,0.08198,-0.01966
2023-07-31,CH,0.15136,-0.14391,0.00175,-0.17504,0.0,0.0,0.08959,0.0,0.01418,0.09525,0.08581,0.01624
2023-08-07,CH,0.15641,-0.12618,-0.00352,-0.23581,0.0,0.0,0.07175,0.0,0.0156,0.10216,0.08558,0.062
2023-08-14,CH,0.16145,-0.10663,-0.00332,-0.20992,0.0,0.0,0.05189,0.0,0.01294,0.07458,0.12432,-0.01178
2023-08-21,CH,0.1665,-0.08553,0.18455,-0.33993,0.0,0.08,0.05058,0.0,0.01227,0.06468,0.28399,0.11708
2023-08-28,CH,0.17155,-0.06319,-0.00713,-0.09402,0.0,0.0,0.05885,0.0,0.0124,0.14455,0.12157,-0.00415
2023-09-04,CH,0.17659,-0.03994,-0.01261,-0.18227,0.0,0.0,0.03315,0.0,0.01671,0.09429,0.10285,0.02417
2023-09-11,CH,0.18164,-0.01611,0.18403,-0.18306,0.0,0.0,0.01843,0.0,0.01485,0.08736,0.07954,0.08191
2023-09-18,CH,0.18668,0.00795,-0.00898,-0.10889,0.0,0.0,0.14566,0.0,0.01354,0.12739,0.08512,-0.01096
2023-09-25,CH,0.19173,0.0319,0.00692,-0.04741,0.0,0.0,0.22081,0.0,0.01427,0.13093,0.09735,-0.038
2023-10-02,CH,0.19677,0.05539,-0.01691,-0.00792,0.0,0.0,0.16383,0.0,0.01636,0.10357,0.08068,-0.03201
2023-10-09,CH,0.20182,0.07807,-0.0083,-0.0104,0.0,0.0,0.06565,0.0,0.01307,0.12985,0.12357,-0.03967
2023-10-16,CH,0.20686,0.09963,-0.0063,-0.04399,0.0,0.0,0.17368,0.0,0.01106,0.09161,0.14324,-0.02044
2023-10-23,CH,0.21191,0.11974,-0.00177,-0.00591,0.0,0.08,0.15735,0.0,0.01589,0.14497,0.24767,-0.05799
2023-10-30,CH,0.21696,0.13811,0.12395,-0.03981,0.0,0.0,0.18497,0.0,0.01428,0.11936,0.09763,-0.03756
2023-11-06,CH,0.222,0.15449,0.13102,-0.00276,0.0,0.0,0.22841,0.0,0.01483,0.09884,0.12259,0.04125
2023-11-13,CH,0.22705,0.16863,0.00391,-0.02252,0.0,0.0,0.25576,0.0,0.01416,0.12314,0.12392,0.03488
2023-11-20,CH,0.23209,0.18033,0.22612,-0.38534,0.35,0.0,0.14848,0.0,0.01497,0.13917,0.09056,-0.02157
2023-11-27,CH,0.23714,0.18941,0.17242,-0.07311,0.0,0.0,0.19634,0.0,0.01456,0.14447,0.11114,0.05925
2023-12-04,CH,0.24218,0.19575,0.0119,-0.11556,0.45,0.08,0.18535,0.0,0.0144,0.12649,0.30532,0.07865
2023-12-11,CH,0.24723,0.19926,-0.00959,-0.14158,0.45,0.08,0.26118,0.0,0.01554,0.12425,0.34575,0.0026
2023-12-18,CH,0.25227,0.19988,-0.00061,-0.10616,0.45,0.08,0.14684,0.0,0.01205,0.12713,0.28887,0.05709
2023-12-25,CH,0.25732,0.19761,0.01242,-0.12081,0.0,0.0,0.26848,0.0,0.01487,0.09873,0.12078,0.02407
2024-01-01,CH,0.26236,0.19224,-0.02492,-0.00384,0.0,0.0,0.20286,0.0,0.01357,0.12724,0.09598,0.07707
2024-01-08,CH,0.26741,0.18422,-0.03296,-0.12021,0.0,0.0,0.27376,0.0,0.01735,0.13799,0.03234,0.12116
2024-01-15,CH,0.27246,0.17353,0.14856,-0.23443,0.0,0.08,0.24312,0.0,0.01757,0.02594,0.2034,0.07918
2024-01-22,CH,0.2775,0.16032,0.14798,-0.4648,0.0,0.0,0.2029,0.0,0.01663,0.13568,0.02508,0.04599
2024-01-29,CH,0.28255,0.1448,0.11042,-0.00636,0.0,0.0,0.22014,0.0,0.01692,0.11884,0.12774,-0.0002
2024-02-05,CH,0.28759,0.12718,-0.04225,-0.09927,0.25,0.08,0.24627,0.0,0.01738,0.11158,0.35501,-0.03984
2024-02-12,CH,0.29264,0.10772,-0.0197,-0.55823,0.25,0.08,0.16905,0.0,0.01711,0.11412,0.30643,-0.04332
2024-02-19,CH,0.29768,0.08669,-0.03447,-0.1819,0.0,0.0,0.14628,0.0,0.01414,0.15246,0.08667,-0.02609
2024-02-26,CH,0.30273,0.06442,-0.00964,-0.16035,0.0,0.0,0.17824,0.0,0.01371,0.11371,0.08487,-0.04702
2024-03-04,CH,0.30777,0.0412,-0.02741,-0.00668,0.0,0.0,0.14695,0.0,0.01478,0.07535,0.02671,-0.05612
2024-03-11,CH,0.31282,0.0174,-0.03768,-0.0342,0.18,0.0,0.19339,0.0,0.01587,0.11138,0.09299,-0.03269
2024-03-18,CH,0.31786,-0.00666,0.04027,-0.001,0.18,0.0,0.16505,0.0,0.0169,0.13007,0.08033,0.02906
2024-03-25,CH,0.32291,-0.03063,-0.03395,-0.01287,0.18,0.0,0.03876,0.0,0.01734,0.12102,0.09041,-0.02394
2024-04-01,CH,0.32796,-0.05415,-0.00658,-0.02111,0.0,0.0,0.03946,0.0,0.0123,0.09512,0.09627,-0.01329
2024-04-08,CH,0.333,-0.07688,-0.03734,-0.04227,0.0,0.0,0.06793,0.0,0.02318,0.09409,0.09072,-0.0154
2024-04-15,CH,0.33805,-0.09851,-0.02829,-0.00027,0.0,0.0,0.12514,0.0,0.02094,0.08943,0.02958,-0.00192
2024-04-22,CH,0.34309,-0.1187,-0.04539,-0.02667,0.0,0.08,0.11817,0.0,0.01955,0.01135,0.25645,-0.04984
2024-04-29,CH,0.34814,-0.13718,-0.02601,-0.00175,0.0,0.0,0.02727,0.0,0.01519,0.10069,0.10472,-0.04217
2024-05-06,CH,0.35318,-0.15367,-0.01497,-0.10742,0.15,0.0,-0.00359,0.0,0.01326,0.13399,0.06408,-0.01753
2024-05-13,CH,0.35823,-0.16793,0.15052,-0.09921,0.0,0.0,0.01171,0.0,0.01335,0.13115,0.09138,-0.00411
2024-05-20,CH,0.36327,-0.17977,-0.02458,-0.10562,0.0,0.0,0.00906,0.0,0.00888,0.10844,0.12889,0.00788
2024-05-27,CH,0.36832,-0.18899,-0.02017,-0.06202,0.0,0.0,-0.01636,0.0,0.0122,0.13499,0.10242,0.01477
2024-06-03,CH,0.37336,-0.19549,-0.0267,-0.12768,0.0,0.0,-0.08528,0.0,0.01089,0.1151,0.09154,0.01961
2024-06-10,CH,0.37841,-0.19915,-0.03212,-0.24406,0.0,0.0,-0.03988,0.0,0.01204,0.1035,0.08044,0.02767
2024-06-17,CH,0.38346,-0.19992,-0.04509,-0.18225,0.0,0.0,-0.07436,0.0,0.01391,0.10872,0.08823,-0.05272
2024-06-24,CH,0.3885,-0.1978,-0.03184,-0.2621,0.0,0.0,-0.10444,0.0,0.01239,0.13487,0.07304,-0.02849
2024-07-01,CH,0.39355,-0.19282,-0.03814,-0.30352,0.0,0.0,0.09665,0.0,0.01173,0.08006,0.06979,-0.03977
2024-07-08,CH,0.39859,-0.18504,-0.03568,-0.14469,0.0,0.08,0.10693,0.0,0.01179,0.06688,0.33419,0.02217
2024-07-15,CH,0.40364,-0.17459,-0.03287,-0.19092,0.0,0.0,-0.07404,0.0,0.01479,0.09251,0.11518,-0.03269
2024-07-22,CH,0.40868,-0.1616,-0.03793,-0.13751,0.0,0.0,-0.00033,0.0,0.01265,0.12239,0.10259,-0.00508
2024-07-29,CH,0.41373,-0.14628,0.15542,-0.09523,0.0,0.0,0.05166,0.0,0.01269,0.11833,0.09475,0.02282
2024-08-05,CH,0.41877,-0.12883,-0.01634,-0.13402,0.0,0.0,0.09278,0.0,0.01423,0.1148,0.09633,-0.00999
2024-08-12,CH,0.42382,-0.10952,0.11518,-0.19776,0.0,0.0,0.16112,0.0,0.01737,0.10605,0.07842,0.00257
2024-08-19,CH,0.42886,-0.08863,-0.03259,-0.43349,0.0,0.0,-0.0172,0.0,0.01472,0.08994,0.07241,-0.02033
2024-08-26,CH,0.43391,-0.06645,-0.03336,-0.15152,0.0,0.08,0.11234,0.0,0.01444,0.09789,0.05303,0.01741
2024-09-02,CH,0.43896,-0.04331,-0.01107,-0.1389,0.0,0.0,0.06271,0.0,0.01072,0.10976,0.06389,0.02337
2024-09-09,CH,0.444,-0.01954,-0.03579,-0.06502,0.0,0.0,0.02708,0.0,0.00949,0.16772,0.01787,-0.01678
2024-09-16,CH,0.44905,0.00452,0.15352,-0.0288,0.0,0.08,0.0885,0.0,0.01305,0.12078,0.22551,-0.10074
2024-09-23,CH,0.45409,0.0285,-0.01099,-0.05378,0.0,0.0,0.12938,0.0,0.01764,0.1321,0.094,-0.121
2024-09-30,CH,0.45914,0.05208,0.0522,-0.01459,0.0,0.0,0.15938,0.0,0.01361,0.11684,0.14116,-0.03917
2024-10-07,CH,0.46418,0.07489,-0.0246,-0.01636,0.0,0.0,0.103,0.0,0.01235,0.12315,0.0668,-0.0692
2024-10-14,CH,0.46923,0.09663,-0.02935,-0.04736,0.0,0.0,0.17232,0.0,0.01441,0.12828,0.12984,-0.08209
2024-10-21,CH,0.47427,0.11696,0.15467,-0.00475,0.0,0.0,0.02359,0.0,0.01693,0.10689,0.12457,-0.01933
2024-10-28,CH,0.47932,0.13561,-0.01879,-0.01911,0.0,0.08,0.15515,0.0,0.01642,0.11204,0.28454,-0.01579
2024-11-04,CH,0.48436,0.15228,0.11186,-0.11084,0.0,0.0,0.20434,0.0,0.0179,0.13426,0.09566,0.06741
2024-11-11,CH,0.48941,0.16676,-0.02207,-0.01735,0.0,0.0,0.20529,0.0,0.01788,0.15049,0.1252,0.05138
2024-11-18,CH,0.49446,0.17881,-0.02519,-0.02352,0.0,0.08,0.19397,0.0,0.01723,0.11759,0.27809,0.05829
2024-11-25,CH,0.4995,0.18828,0.19146,-0.06657,0.35,0.0,0.19317,0.0,0.02003,0.1499,0.1075,-0.03755
2024-12-02,CH,0.50455,0.19502,-0.02789,-0.00016,0.45,0.08,0.25358,0.0,0.02187,0.10732,0.32571,-0.04483
2024-12-09,CH,0.50959,0.19894,0.14098,-0.22791,0.45,0.08,0.26121,0.0,0.01934,0.11859,0.31205,-0.03295
2024-12-16,CH,0.51464,0.19997,-0.02292,-0.02172,0.45,0.08,0.1625,0.0,0.01717,0.08097,0.29727,-0.05317
2024-12-23,CH,0.51968,0.19811,0.14137,-0.03968,0.0,0.0,0.24571,0.0,0.01655,0.09607,0.10312,-0.01619
2024-12-30,CH,0.52473,0.19338,-0.04986,-0.21701,0.0,0.0,0.23272,0.0,0.0216,0.11501,0.1249,0.06449
2025-01-06,CH,0.52977,0.18679,-0.05079,-0.12154,0.0,0.0,0.18688,0.0,0.01773,0.12401,0.10033,0.01494
2025-01-13,CH,0.53482,0.17684,-0.04887,-0.15182,0.0,0.08,0.18775,0.0,0.01819,0.12088,0.08693,0.07377
2025-01-20,CH,0.53986,0.16434,-0.05082,-0.0891,0.0,0.0,0.20495,0.0,0.01664,0.10157,0.09174,0.07467
2025-01-27,CH,0.54491,0.14946,0.11758,-0.32379,0.0,0.0,0.23237,0.0,0.02011,0.09559,0.13427,0.05121
2025-02-03,CH,0.54996,0.13241,-0.05413,-0.20767,0.0,0.0,0.18466,0.0,0.01757,0.09711,0.13476,0.13339
2025-02-10,CH,0.555,0.11345,0.11888,-0.05139,0.25,0.0,0.14936,0.0,0.01665,0.1568,0.1137,0.03424
2025-02-17,CH,0.56005,0.09284,-0.05968,-0.24315,0.0,0.0,0.11967,0.0,0.0179,0.14469,0.12948,0.00454
2025-02-24,CH,0.56509,0.07089,-0.05858,-0.10348,0.0,0.08,0.185,0.0,0.0145,0.13964,0.25716,-0.00186
2025-03-03,CH,0.57014,0.04791,0.12398,-0.01338,0.0,0.0,0.17403,0.0,0.01802,0.12725,0.12555,0.02541
2025-03-10,CH,0.57518,0.02424,-0.07336,-0.00931,0.0,0.0,0.14516,0.0,0.01885,0.14252,0.05213,-0.03033
2025-03-17,CH,0.58023,0.00022,-0.05244,-0.15265,0.0,0.0,0.0479,0.0,0.01735,0.10774,0.09887,-0.02296
2025-03-24,CH,0.58527,-0.02381,-0.05674,-0.03596,0.0,0.0,0.07987,0.0,0.01733,0.01558,0.11683,0.07476
2025-03-31,CH,0.59032,-0.04749,-0.05034,-0.25078,0.18,0.0,0.01435,0.0,0.01715,0.07497,0.09316,0.06051
2025-04-07,CH,0.59537,-0.07049,-0.03404,-0.01734,0.18,0.0,0.14997,0.0,0.01574,0.12867,0.07788,-0.03602
2025-04-14,CH,0.60041,-0.09246,-0.05905,-0.00652,0.18,0.08,0.13455,0.0,0.01656,0.09742,0.21648,-0.05668
2025-04-21,CH,0.60546,-0.1131,-0.04531,-0.0189,0.0,0.0,0.09819,0.0,0.0176,0.07946,0.08543,-0.00946
2025-04-28,CH,0.6105,-0.13209,-0.05224,-0.04739,0.0,0.0,0.06388,0.0,0.01931,0.08011,0.06975,-0.09288
2025-05-05,CH,0.61555,-0.14917,0.06182,-0.01037,0.15,0.0,0.12356,0.0,0.01683,0.09653,0.07708,-0.0605
2025-05-12,CH,0.62059,-0.1641,-0.05276,-0.05371,0.0,0.08,-0.01593,0.0,0.01325,0.12299,0.20052,-0.09778
2025-05-19,CH,0.62564,-0.17664,-0.05845,-0.03197,0.0,0.0,-0.10651,0.0,0.0155,0.12842,0.0855,-0.0374
2025-05-26,CH,0.63068,-0.18663,0.07339,-0.18487,0.0,0.0,0.05241,0.0,0.01883,0.08123,0.11432,-0.06806
2025-06-02,CH,0.63573,-0.19392,-0.07536,-0.36283,0.0,0.0,0.10568,0.0,0.0189,0.08964,0.11888,-0.08198
2025-06-09,CH,0.64077,-0.19839,-0.04372,-0.18268,0.0,0.0,-0.00697,0.0,0.01328,0.10017,0.04691,-0.0506
2025-06-16,CH,0.64582,-0.2,-0.06413,-0.16103,0.0,0.0,-0.01955,0.0,0.01722,0.14768,0.0958,-0.01788
2025-06-23,CH,0.65087,-0.1987,-0.06101,-0.11691,0.0,0.0,-0.04809,0.0,0.01285,0.11684,0.10706,-0.02674
2025-06-30,CH,0.65591,-0.19453,-0.06049,-0.32527,0.0,0.0,-0.0184,0.0,0.01551,0.10178,0.12266,0.00939
2025-07-07,CH,0.66096,-0.18754,-0.05674,-0.22503,0.0,0.0,-0.0069,0.0,0.01535,0.10654,0.13076,-0.00623
2025-07-14,CH,0.666,-0.17784,0.12139,-0.15818,0.0,0.0,0.04495,0.0,0.01401,0.10302,0.0974,-0.02379
2025-07-21,CH,0.67105,-0.16556,-0.05524,-0.11242,0.0,0.0,0.04126,0.0,0.01859,0.13507,0.10993,0.03554
2025-07-28,CH,0.67609,-0.15088,-0.05962,-0.35111,0.0,0.0,0.08513,0.0,0.01366,0.02468,0.10163,-0.01629
2025-08-04,CH,0.68114,-0.13402,-0.03652,-0.11383,0.0,0.0,-0.04089,0.0,0.01488,0.13798,0.09794,-0.01811
2025-08-11,CH,0.68618,-0.11521,-0.05626,-0.258,0.0,0.0,-0.00859,0.0,0.012,0.09356,0.11614,-0.05164
2025-08-18,CH,0.69123,-0.09474,-0.0559,-0.11883,0.0,0.0,0.13741,0.0,0.01729,0.12466,0.12307,-0.03635
2025-08-25,CH,0.69627,-0.0729,0.02228,-0.07797,0.0,0.0,0.09101,0.0,0.01911,0.10405,0.07853,0.00125
2025-09-01,CH,0.70132,-0.05,-0.05231,-0.12516,0.0,0.0,0.09836,0.0,0.01999,0.09586,0.0942,-0.01442
2025-09-08,CH,0.70637,-0.02637,-0.05398,-0.56674,0.0,0.0,0.14475,0.0,0.01615,0.09136,0.03138,-0.07817
2025-09-15,CH,0.71141,-0.00237,-0.06368,-0.24561,0.0,0.0,0.05827,0.0,0.0157,0.13351,0.07414,-0.07012
2025-09-22,CH,0.71646,0.02168,-0.06176,-0.31989,0.0,0.0,0.18404,0.0,0.02061,0.11684,0.09771,-0.02858
2025-09-29,CH,0.7215,0.0454,-0.05106,-0.06368,0.0,0.0,0.13269,0.0,0.01948,0.10788,0.09435,0.01448
2025-10-06,CH,0.72655,0.06847,-0.05921,-0.09721,0.0,0.0,0.1657,0.0,0.02186,0.12395,0.089,0.02113
2025-10-13,CH,0.73159,0.09055,-0.04676,-0.01724,0.0,0.0,0.22625,0.0,0.01968,0.08196,0.12712,0.04841
2025-10-20,CH,0.73664,0.11132,-0.05853,-0.14106,0.0,0.0,0.2446,0.0,0.01944,0.13433,0.14404,0.0464
2025-10-27,CH,0.74168,0.13047,-0.05079,-0.01857,0.0,0.0,0.16909,0.0,0.01508,0.0905,0.13764,-0.01362
2025-11-03,CH,0.74673,0.14773,-0.05668,-3e-05,0.0,0.0,0.13378,0.0,0.01569,0.13934,0.12163,-0.00828
2025-11-10,CH,0.75177,0.16286,-0.06762,-0.0369,0.0,0.0,0.24453,0.0,0.01999,0.11296,0.15461,0.01102
2025-11-17,CH,0.75682,0.17562,0.03066,-0.09016,0.0,0.0,0.25584,0.0,0.01955,0.11545,0.12709,0.01452
2025-11-24,CH,0.76187,0.18585,0.17524,-0.08701,0.35,0.0,0.20582,0.0,0.02033,0.09594,0.12927,-0.04905
2025-12-01,CH,0.76691,0.19338,-0.05597,-0.00398,0.45,0.08,0.15158,0.0,0.01743,0.09527,0.23421,-0.06439
2025-12-08,CH,0.77196,0.19811,-0.05816,-0.08469,0.45,0.08,0.28723,0.0,0.01745,0.11555,0.25754,-0.07245
2025-12-15,CH,0.777,0.19997,-0.04817,-0.15144,0.45,0.08,0.2394,0.0,0.01721,0.1157,0.32565,-0.04963
2025-12-22,CH,0.78205,0.19894,-0.06584,-0.12929,0.0,0.0,0.23629,0.0,0.01587,0.11493,0.05616,-0.03687
2025-12-29,CH,0.78709,0.19502,-0.09043,-0.12274,0.0,0.0,0.18943,0.0,0.01922,0.17259,0.10522,-0.01321
2026-01-05,CH,0.79214,0.18799,-0.07172,-0.15487,0.0,0.0,0.23694,0.0,0.01787,0.1257,0.13882,-0.00122
2026-01-12,CH,0.79718,0.17843,-0.08951,-0.06809,0.0,0.0,0.14069,0.0,0.01914,0.09478,0.06435,0.03786
2026-01-19,CH,0.80223,0.16628,-0.07734,-0.05892,0.0,0.0,0.20561,0.0,0.01748,0.13816,0.09268,0.00692
2026-01-26,CH,0.80727,0.15172,-0.07009,-0.07838,0.0,0.0,0.17072,0.0,0.01811,0.11864,0.11428,-0.0596
2026-02-02,CH,0.81232,0.13497,-0.08651,-0.29593,0.0,0.0,0.16035,0.0,0.01705,0.11322,0.11726,-0.05394
2026-02-09,CH,0.81737,0.11627,0.0066,-0.17773,0.25,0.08,0.20376,0.0,0.01634,0.11161,0.35728,-0.05681
2026-02-16,CH,0.82241,0.09588,-0.08746,-0.15474,0.0,0.0,0.18792,0.0,0.02105,0.15877,0.13299,0.05938
2026-02-23,CH,0.82746,0.0741,-0.08681,-0.12958,0.0,0.0,0.14207,0.0,0.01899,0.10472,0.12605,0.12303
2026-03-02,CH,0.8325,0.05124,0.09269,-0.10672,0.0,0.0,0.15168,0.0,0.01585,0.13436,0.11158,0.09899
2026-03-09,CH,0.83755,0.02765,-0.07021,-0.31458,0.0,0.0,0.11104,0.0,0.01417,0.10099,0.12245,0.05969
2026-03-16,CH,0.84259,0.00366,-0.08608,-0.07573,0.18,0.0,0.17271,0.0,0.01963,0.1482,0.04963,0.03549
2026-03-23,CH,0.84764,-0.02039,-0.07821,-0.0845,0.18,0.0,0.14675,0.0,0.01825,0.09525,0.09357,-0.02481
