country,channel,current_weekly_spend_k_2025,optimal_weekly_spend_k,change_pct
AT,tv,13.62,24.46,79.6
AT,online_video,10.58,10.44,-1.3
AT,paid_search,6.79,6.17,-9.1
AT,paid_social,9.72,9.62,-1.0
AT,ooh,3.17,0.0,-100.0
DE,tv,106.56,119.02,11.7
DE,online_video,57.43,49.48,-13.8
DE,paid_search,42.68,45.56,6.7
DE,paid_social,52.96,41.87,-20.9
DE,ooh,24.32,0.0,-100.0
FR,tv,46.34,71.31,53.9
FR,online_video,31.07,23.69,-23.8
FR,paid_search,19.43,17.77,-8.5
FR,paid_social,29.9,24.93,-16.6
FR,ooh,21.9,38.65,76.5
IT,tv,48.59,63.0,29.7
IT,online_video,21.52,16.84,-21.7
IT,paid_search,15.22,10.63,-30.2
IT,paid_social,21.9,25.78,17.7
IT,ooh,12.04,29.4,144.2
NL,tv,15.92,0.0,-100.0
NL,online_video,18.7,18.66,-0.2
NL,paid_search,10.89,12.56,15.3
NL,paid_social,15.73,17.56,11.6
NL,ooh,4.45,0.0,-100.0
PL,tv,12.08,0.0,-100.0
PL,online_video,11.79,11.62,-1.4
PL,paid_search,5.45,3.32,-39.1
PL,paid_social,15.69,17.33,10.5
PL,ooh,3.24,0.0,-100.0
