week,country,baseline,contrib_tv,contrib_online_video,contrib_paid_search,contrib_paid_social,contrib_ooh,noise_factor
2023-01-02,AT,108.154,0.193,4.051,3.388,6.196,0.027,1.0037
2023-01-09,AT,123.369,0.633,5.927,4.386,5.975,0.071,1.0331
2023-01-16,AT,118.901,0.647,5.645,4.13,6.109,0.094,0.9415
2023-01-23,AT,113.168,1.425,7.234,5.964,5.047,0.066,1.0443
2023-01-30,AT,116.922,1.733,6.224,4.33,5.182,0.097,0.9227
2023-02-06,AT,123.932,1.663,5.072,4.899,6.498,0.095,0.9711
2023-02-13,AT,114.02,1.595,7.019,4.839,6.508,0.112,0.9605
2023-02-20,AT,110.819,1.692,6.27,3.569,5.552,0.104,0.973
2023-02-27,AT,115.705,1.593,6.145,3.258,5.35,0.143,0.9857
2023-03-06,AT,128.314,1.517,7.718,3.808,5.412,0.138,1.0419
2023-03-13,AT,96.613,1.691,7.62,4.75,4.31,0.161,0.9629
2023-03-20,AT,96.474,1.728,7.136,3.743,4.568,0.175,0.9657
2023-03-27,AT,104.806,5.7,7.147,3.494,4.256,0.133,0.9721
2023-04-03,AT,88.058,8.337,5.904,1.979,1.109,0.151,0.9787
2023-04-10,AT,107.34,10.282,6.152,3.409,3.835,0.137,0.9755
2023-04-17,AT,102.451,10.424,6.499,4.042,4.152,0.098,0.9513
2023-04-24,AT,90.183,10.653,6.32,4.14,3.108,0.093,1.0067
2023-05-01,AT,93.827,11.941,5.512,4.072,3.215,0.092,0.9932
2023-05-08,AT,89.97,11.833,3.581,3.398,3.804,0.125,1.0325
2023-05-15,AT,78.35,10.511,4.588,3.343,2.107,0.099,1.0409
2023-05-22,AT,78.467,10.269,4.651,4.148,3.634,0.135,0.9433
2023-05-29,AT,83.937,11.378,4.31,3.382,4.057,0.127,1.0528
2023-06-05,AT,108.421,10.963,4.91,1.9,4.474,0.073,1.0157
2023-06-12,AT,95.635,7.964,4.746,3.99,3.448,0.055,1.0421
2023-06-19,AT,75.679,5.798,4.557,2.546,2.501,0.632,0.9946
2023-06-26,AT,91.525,4.518,3.514,4.175,3.753,0.634,1.0205
2023-07-03,AT,76.992,3.068,2.921,4.513,2.541,1.057,1.0175
2023-07-10,AT,86.367,2.474,3.644,3.744,3.574,1.69,1.0449
2023-07-17,AT,87.766,1.685,3.796,3.785,2.9,1.481,0.9766
2023-07-24,AT,87.351,1.352,3.97,4.678,2.522,2.014,0.9769
2023-07-31,AT,87.412,0.986,4.169,2.65,3.564,2.358,0.9892
2023-08-07,AT,80.031,1.145,4.57,3.475,4.883,2.057,1.0454
2023-08-14,AT,91.501,1.196,4.626,3.686,4.184,1.948,1.0515
2023-08-21,AT,99.526,6.44,4.877,2.936,4.044,2.032,0.9592
2023-08-28,AT,89.804,7.273,5.206,5.526,3.007,2.273,1.017
2023-09-04,AT,108.563,10.313,6.063,3.701,5.219,1.76,0.9973
2023-09-11,AT,98.228,10.698,5.459,3.43,5.096,0.956,0.9903
2023-09-18,AT,110.457,11.167,6.267,4.328,4.834,0.485,1.0173
2023-09-25,AT,93.044,8.525,6.59,5.164,6.595,0.302,1.0636
2023-10-02,AT,114.035,6.656,6.401,3.953,4.509,0.217,1.0194
2023-10-09,AT,116.855,5.089,5.944,3.873,4.715,0.134,0.9828
2023-10-16,AT,108.045,3.79,6.439,4.892,5.391,0.104,0.9769
2023-10-23,AT,100.897,2.878,7.168,3.475,5.349,0.108,1.0167
2023-10-30,AT,119.101,3.041,6.149,3.867,3.596,0.258,1.0082
2023-11-06,AT,112.125,9.048,6.448,3.899,5.771,0.739,1.0389
2023-11-13,AT,116.101,12.952,6.638,4.286,5.929,1.796,1.0482
2023-11-20,AT,133.392,17.891,6.212,4.615,7.147,1.973,1.0082
2023-11-27,AT,117.919,16.725,6.047,6.411,8.498,2.339,1.0208
2023-12-04,AT,107.08,20.216,5.339,5.797,6.946,3.423,1.0581
2023-12-11,AT,113.583,22.495,5.28,4.996,6.852,3.592,1.0451
2023-12-18,AT,130.25,22.324,4.954,4.697,6.708,3.762,0.9681
2023-12-25,AT,205.3,19.736,5.495,5.634,6.586,2.308,0.9497
2024-01-01,AT,112.947,16.476,5.794,5.326,2.208,1.384,0.952
2024-01-08,AT,119.67,13.477,5.944,5.68,5.818,0.704,0.9383
2024-01-15,AT,127.91,10.336,6.788,6.109,7.351,0.486,1.0133
2024-01-22,AT,104.18,7.853,6.681,4.186,5.838,0.34,0.9559
2024-01-29,AT,119.861,5.874,6.199,2.945,8.132,0.284,1.0236
2024-02-05,AT,114.471,4.571,5.914,4.574,7.284,0.276,0.971
2024-02-12,AT,112.122,11.432,5.44,4.744,6.73,0.243,1.0331
2024-02-19,AT,128.11,11.888,5.867,4.888,4.369,1.625,1.0217
2024-02-26,AT,109.339,11.672,6.002,4.104,5.433,1.653,1.0051
2024-03-04,AT,96.69,11.329,7.705,4.262,4.701,2.382,1.0153
2024-03-11,AT,111.808,8.133,8.212,4.899,6.019,2.478,0.9543
2024-03-18,AT,138.371,5.621,8.334,4.934,6.677,2.507,0.913
2024-03-25,AT,105.961,4.003,8.809,5.492,6.971,3.261,0.9797
2024-04-01,AT,106.719,3.483,7.023,2.848,5.725,1.826,1.0143
2024-04-08,AT,90.665,2.584,6.912,2.715,5.272,0.961,0.953
2024-04-15,AT,102.268,2.147,6.857,5.242,5.569,0.491,1.0214
2024-04-22,AT,93.118,1.589,6.551,4.605,3.504,0.292,1.0195
2024-04-29,AT,89.279,1.42,7.762,4.624,4.02,0.24,1.0027
2024-05-06,AT,80.275,1.05,8.545,3.676,3.999,0.135,1.0076
2024-05-13,AT,97.427,0.849,7.711,3.362,4.992,0.117,0.9952
2024-05-20,AT,92.468,1.331,6.945,3.808,4.257,0.066,1.0034
2024-05-27,AT,72.395,1.063,5.437,2.929,5.142,0.058,0.9539
2024-06-03,AT,98.125,1.14,4.463,2.392,4.404,0.069,1.0352
2024-06-10,AT,87.629,1.076,5.123,2.543,5.121,0.059,1.0103
2024-06-17,AT,105.57,3.311,4.79,3.387,6.725,0.045,1.0171
2024-06-24,AT,88.863,4.473,3.858,3.806,6.339,0.044,0.972
2024-07-01,AT,72.93,7.676,4.004,4.645,5.544,0.064,0.9461
2024-07-08,AT,81.39,5.366,4.387,0.645,5.429,0.088,1.0413
2024-07-15,AT,79.184,4.094,5.034,3.372,4.057,0.106,0.9465
2024-07-22,AT,72.639,2.815,4.639,4.679,3.323,0.097,0.9865
2024-07-29,AT,76.146,2.099,4.413,2.975,3.132,0.087,0.9942
2024-08-05,AT,90.304,5.125,4.606,2.74,4.177,0.1,1.0069
2024-08-12,AT,97.693,7.429,4.969,3.155,6.086,0.07,1.0096
2024-08-19,AT,108.604,7.343,4.369,3.69,4.618,0.395,0.9975
2024-08-26,AT,94.571,5.19,5.768,5.751,5.44,1.643,0.948
2024-09-02,AT,124.773,3.794,7.858,4.063,4.21,2.321,0.9885
2024-09-09,AT,97.328,2.75,7.597,5.38,3.928,2.804,0.995
2024-09-16,AT,109.717,2.4,6.121,4.096,6.21,1.587,1.0169
2024-09-23,AT,101.908,2.169,6.328,4.848,5.285,0.838,1.0065
2024-09-30,AT,110.005,1.54,5.244,5.164,5.036,1.146,1.0379
2024-10-07,AT,110.66,1.195,4.637,5.139,8.062,2.394,1.0276
2024-10-14,AT,112.658,1.039,6.491,5.396,6.951,3.275,0.9535
2024-10-21,AT,107.022,1.193,6.777,4.274,6.488,2.707,1.0005
2024-10-28,AT,102.706,2.026,6.38,6.077,6.222,2.525,1.0136
2024-11-04,AT,113.358,5.948,5.308,5.859,6.882,2.741,0.9804
2024-11-11,AT,103.456,9.935,5.273,4.484,6.016,3.488,1.0511
2024-11-18,AT,123.349,10.472,6.543,5.393,6.559,3.249,0.9789
2024-11-25,AT,120.449,10.913,6.997,4.179,7.827,2.884,0.953
2024-12-02,AT,139.405,10.271,7.812,5.065,6.853,3.714,0.936
2024-12-09,AT,127.541,12.284,8.912,4.095,4.753,3.928,0.9819
2024-12-16,AT,110.527,15.138,8.051,5.648,5.581,3.41,0.982
2024-12-23,AT,142.604,11.832,8.137,7.531,7.383,1.964,0.9851
2024-12-30,AT,142.941,9.578,7.723,6.606,8.121,1.248,0.9209
2025-01-06,AT,109.214,7.325,7.232,5.879,7.619,0.667,0.9989
2025-01-13,AT,122.72,5.568,7.142,4.42,8.443,0.422,1.0388
2025-01-20,AT,111.908,4.502,8.114,5.319,6.567,0.336,0.9761
2025-01-27,AT,102.415,3.73,7.077,6.054,8.032,0.27,1.0199
2025-02-03,AT,141.252,3.411,8.189,5.021,7.348,0.274,0.9771
2025-02-10,AT,122.124,2.56,8.883,5.035,7.517,0.167,0.9701
2025-02-17,AT,106.417,1.782,8.126,3.517,4.684,0.16,1.0461
2025-02-24,AT,131.64,1.665,7.792,3.945,7.046,0.165,1.0245
2025-03-03,AT,103.363,1.425,6.493,3.16,6.81,0.165,1.0303
2025-03-10,AT,132.526,1.337,8.914,6.269,8.372,0.172,1.0812
2025-03-17,AT,93.516,1.719,8.585,5.192,7.151,0.121,0.9997
2025-03-24,AT,99.584,1.362,7.801,5.199,5.547,0.18,0.9991
2025-03-31,AT,96.389,1.449,7.201,4.343,5.005,0.166,1.0048
2025-04-07,AT,101.755,1.538,7.102,3.196,6.016,0.159,1.0502
2025-04-14,AT,93.415,1.462,6.217,4.322,1.885,0.12,1.0331
2025-04-21,AT,87.643,1.544,6.345,3.679,3.907,0.114,0.9688
2025-04-28,AT,100.185,1.271,5.504,3.286,3.941,0.147,0.9712
2025-05-05,AT,90.587,1.048,6.057,4.01,6.739,0.119,1.0131
2025-05-12,AT,104.216,1.169,5.398,4.059,5.523,0.108,1.0177
2025-05-19,AT,94.313,1.175,6.236,3.764,5.179,0.102,1.0164
2025-05-26,AT,91.622,1.303,5.769,3.217,4.562,0.066,1.0192
2025-06-02,AT,75.044,1.15,5.751,2.945,6.36,0.065,0.9933
2025-06-09,AT,81.046,1.297,8.244,3.611,6.397,0.078,1.0216
2025-06-16,AT,96.85,3.274,7.377,4.63,4.439,0.064,1.0226
2025-06-23,AT,80.604,4.028,6.449,2.563,4.429,0.462,0.9687
2025-06-30,AT,83.377,3.872,5.708,2.851,3.62,0.795,0.956
2025-07-07,AT,86.878,4.303,4.631,3.202,6.235,0.695,1.0083
2025-07-14,AT,77.228,6.571,5.55,3.231,5.373,1.199,0.9857
2025-07-21,AT,93.898,5.97,6.476,2.952,4.471,0.968,0.9496
2025-07-28,AT,81.185,6.434,5.806,5.154,4.226,0.524,1.0271
2025-08-04,AT,92.148,10.729,6.919,4.152,5.212,0.876,1.0148
2025-08-11,AT,82.506,11.563,6.169,3.106,4.866,1.103,1.0488
2025-08-18,AT,92.221,8.961,4.891,2.501,6.936,1.442,0.9981
2025-08-25,AT,92.134,6.301,4.961,3.86,5.244,2.038,1.0026
2025-09-01,AT,95.206,4.209,4.816,5.569,4.452,2.51,0.9495
2025-09-08,AT,85.579,3.616,5.463,4.717,7.27,2.278,1.0494
2025-09-15,AT,105.301,2.52,6.691,2.822,6.168,2.292,1.0216
2025-09-22,AT,117.86,2.089,6.081,3.319,7.828,1.22,1.0313
2025-09-29,AT,109.231,1.855,6.495,4.723,7.777,0.626,0.9912
2025-10-06,AT,116.735,1.484,7.007,5.743,5.88,0.456,0.9978
2025-10-13,AT,105.672,1.874,6.585,5.111,5.881,0.27,1.0114
2025-10-20,AT,121.424,9.754,6.285,5.11,6.667,0.19,0.9733
2025-10-27,AT,106.825,12.353,7.024,5.97,6.671,0.191,0.9726
2025-11-03,AT,101.058,13.129,8.117,6.246,7.282,0.682,1.0697
2025-11-10,AT,140.534,14.027,7.493,4.734,2.669,1.968,1.0118
2025-11-17,AT,146.213,13.215,7.069,5.536,6.163,2.093,0.9756
2025-11-24,AT,102.489,13.637,7.363,4.462,8.074,2.06,0.9499
2025-12-01,AT,105.34,14.127,7.894,4.255,8.786,2.295,0.9585
2025-12-08,AT,188.956,13.612,7.512,5.722,7.268,2.321,1.0111
2025-12-15,AT,130.451,15.525,7.482,4.18,7.144,2.915,0.9661
2025-12-22,AT,150.015,11.981,7.557,5.364,7.223,1.862,0.9617
2023-01-02,DE,569.276,1.957,21.302,28.22,21.086,0.193,0.97
2023-01-09,DE,572.976,5.39,32.808,35.745,18.582,0.612,0.9948
2023-01-16,DE,608.547,10.656,35.219,5.059,17.082,1.262,0.9995
2023-01-23,DE,566.787,10.048,30.191,41.101,31.008,1.334,1.0226
2023-01-30,DE,574.094,9.74,26.004,50.737,26.465,1.019,1.0198
2023-02-06,DE,557.331,11.326,33.429,10.684,28.109,0.7,1.0272
2023-02-13,DE,753.333,10.774,37.505,37.462,25.494,0.449,1.01
2023-02-20,DE,811.694,12.875,35.865,31.465,26.88,3.928,0.9556
2023-02-27,DE,725.888,11.651,33.169,40.58,21.427,8.326,0.986
2023-03-06,DE,675.548,9.641,31.808,47.101,25.249,9.621,1.0088
2023-03-13,DE,540.795,31.792,31.299,33.611,15.683,17.259,1.0154
2023-03-20,DE,617.79,39.978,25.573,41.203,19.369,13.433,0.9767
2023-03-27,DE,878.564,52.647,26.945,34.117,15.783,11.876,0.9817
2023-04-03,DE,1062.911,40.761,27.053,4.662,19.926,6.169,0.9991
2023-04-10,DE,610.933,56.708,21.34,28.234,21.097,3.832,0.9623
2023-04-17,DE,733.845,64.331,15.936,39.739,19.988,2.106,0.9967
2023-04-24,DE,449.227,61.312,19.809,35.276,20.616,1.108,1.0413
2023-05-01,DE,521.015,61.646,16.088,31.061,13.693,0.79,0.9602
2023-05-08,DE,631.006,45.83,13.306,29.545,13.255,0.885,0.9558
2023-05-15,DE,466.889,34.278,13.098,26.203,16.111,1.063,1.038
2023-05-22,DE,499.514,31.069,19.146,33.518,19.207,0.723,0.9974
2023-05-29,DE,546.913,22.241,20.704,43.746,19.206,0.641,1.0574
2023-06-05,DE,434.309,18.319,21.624,29.604,12.32,0.47,0.9564
2023-06-12,DE,456.721,12.838,28.792,22.128,21.559,2.481,1.037
2023-06-19,DE,395.384,9.35,26.7,29.162,17.439,3.693,1.0122
2023-06-26,DE,414.502,6.469,29.36,30.16,23.434,8.062,0.9617
2023-07-03,DE,423.309,5.359,25.405,33.322,20.475,6.693,1.0152
2023-07-10,DE,361.744,5.961,26.283,20.327,21.457,4.721,1.0779
2023-07-17,DE,602.575,5.366,28.895,27.248,19.151,4.284,1.0326
2023-07-24,DE,416.784,6.388,32.342,21.733,15.062,4.597,1.0105
2023-07-31,DE,359.182,5.494,26.558,36.076,14.943,6.007,0.9908
2023-08-07,DE,398.94,6.787,20.999,34.146,20.579,6.052,0.9579
2023-08-14,DE,408.637,6.11,22.45,29.075,17.672,7.542,0.9572
2023-08-21,DE,455.237,7.456,29.779,23.513,12.309,8.826,0.9897
2023-08-28,DE,430.248,10.262,34.679,44.672,18.281,8.819,1.0338
2023-09-04,DE,731.22,9.285,31.582,33.808,21.727,11.333,0.9973
2023-09-11,DE,502.466,7.63,31.315,40.211,24.307,6.084,1.06
2023-09-18,DE,488.805,11.905,37.269,24.379,26.801,3.208,0.9705
2023-09-25,DE,524.257,10.05,34.42,35.698,34.505,2.267,0.9659
2023-10-02,DE,631.208,9.256,35.238,41.529,22.986,1.546,1.0055
2023-10-09,DE,665.974,9.142,37.091,24.798,33.592,0.812,1.0005
2023-10-16,DE,773.917,11.492,33.816,38.48,31.437,0.7,1.0562
2023-10-23,DE,615.049,12.817,30.022,46.551,27.834,0.836,1.0258
2023-10-30,DE,660.042,53.973,44.296,30.699,21.316,1.223,1.005
2023-11-06,DE,547.734,67.651,37.929,37.41,25.806,8.43,0.9769
2023-11-13,DE,901.15,76.963,32.412,36.867,29.879,12.387,1.0273
2023-11-20,DE,807.312,91.482,32.268,35.246,28.179,16.921,1.0872
2023-11-27,DE,643.961,106.188,34.13,35.33,25.889,19.349,1.0071
2023-12-04,DE,864.993,98.97,35.722,33.739,24.675,21.128,0.96
2023-12-11,DE,866.02,107.143,34.067,34.545,23.514,17.295,0.9491
2023-12-18,DE,703.27,110.144,36.782,39.42,30.374,16.774,0.9914
2023-12-25,DE,686.963,95.043,43.7,40.796,31.71,9.669,1.011
2024-01-01,DE,547.555,77.319,38.835,31.866,33.873,6.181,0.9791
2024-01-08,DE,751.56,61.616,37.171,35.46,27.079,3.503,0.988
2024-01-15,DE,610.568,48.958,42.138,40.337,34.545,2.041,0.987
2024-01-22,DE,716.499,37.03,35.645,47.688,40.992,2.234,1.0484
2024-01-29,DE,584.982,32.103,30.76,48.11,33.636,1.378,0.9596
2024-02-05,DE,639.901,24.646,29.578,40.218,34.646,1.044,0.9868
2024-02-12,DE,593.439,24.353,31.177,39.785,24.889,0.927,1.041
2024-02-19,DE,568.232,17.499,36.348,29.73,38.365,5.278,1.0561
2024-02-26,DE,663.841,12.816,29.37,37.816,33.452,12.301,0.9834
2024-03-04,DE,577.186,9.58,28.058,25.989,12.289,14.424,0.9977
2024-03-11,DE,518.392,47.331,25.539,33.422,23.733,12.104,1.0687
2024-03-18,DE,639.443,53.873,22.413,27.774,18.03,14.374,1.0488
2024-03-25,DE,590.11,58.579,21.464,30.035,25.225,8.175,0.9764
2024-04-01,DE,597.291,75.605,29.51,35.595,24.263,4.387,0.9709
2024-04-08,DE,675.044,91.712,29.644,35.972,28.084,2.683,1.0089
2024-04-15,DE,627.719,84.869,29.61,42.422,21.214,1.738,0.9731
2024-04-22,DE,538.812,92.11,31.198,35.775,11.919,1.172,0.9902
2024-04-29,DE,515.027,90.793,30.902,29.847,18.74,0.741,1.0169
2024-05-06,DE,544.233,86.393,30.423,36.164,19.047,0.612,0.9476
2024-05-13,DE,484.766,77.191,36.666,22.673,23.817,0.417,1.0136
2024-05-20,DE,494.922,68.532,33.899,41.85,18.125,0.484,1.021
2024-05-27,DE,481.62,51.752,23.564,21.002,17.761,0.4,0.9969
2024-06-03,DE,451.852,38.127,26.26,33.596,17.373,0.364,1.0336
2024-06-10,DE,398.945,26.542,28.893,33.216,15.522,0.41,0.9827
2024-06-17,DE,565.951,18.312,27.854,25.749,20.066,0.345,0.9946
2024-06-24,DE,432.684,12.54,23.368,25.108,17.382,0.357,0.9423
2024-07-01,DE,476.227,9.939,19.473,19.094,15.448,0.275,0.9016
2024-07-08,DE,454.264,8.401,20.668,27.114,14.024,0.288,0.9661
2024-07-15,DE,441.779,7.677,23.795,30.575,15.019,0.352,1.001
2024-07-22,DE,376.731,6.961,26.367,24.844,24.342,0.227,1.0034
2024-07-29,DE,475.525,5.676,19.708,30.93,19.391,0.224,0.9929
2024-08-05,DE,435.015,7.389,23.416,34.221,16.762,0.268,0.993
2024-08-12,DE,502.028,5.987,30.4,26.728,19.973,0.29,0.999
2024-08-19,DE,553.592,6.699,31.825,37.472,25.151,0.38,1.0044
2024-08-26,DE,484.151,6.383,42.108,36.826,23.62,0.567,0.9763
2024-09-02,DE,519.975,20.685,34.731,35.228,25.788,0.546,0.9477
2024-09-09,DE,512.318,36.436,28.708,40.508,28.111,0.605,1.0243
2024-09-16,DE,881.55,59.408,34.201,38.754,29.924,0.653,0.9564
2024-09-23,DE,510.273,78.973,40.007,32.626,28.473,7.209,1.054
2024-09-30,DE,637.609,62.507,33.582,33.033,21.66,11.63,0.9656
2024-10-07,DE,715.835,44.888,33.809,39.371,25.356,16.775,0.9899
2024-10-14,DE,672.487,36.088,35.078,46.126,24.26,18.486,1.0344
2024-10-21,DE,726.786,25.361,36.795,41.371,31.186,15.805,0.9859
2024-10-28,DE,760.257,26.326,41.724,37.577,35.758,16.091,0.9608
2024-11-04,DE,764.0,55.733,48.849,40.391,14.091,18.308,0.9954
2024-11-11,DE,742.681,72.215,42.275,33.265,30.496,17.561,1.0333
2024-11-18,DE,606.193,89.845,38.641,47.934,32.087,12.477,1.0013
2024-11-25,DE,590.543,90.366,32.707,50.675,29.989,19.698,0.9956
2024-12-02,DE,652.308,90.953,38.905,52.503,37.198,19.383,0.9977
2024-12-09,DE,781.976,90.675,34.178,48.397,15.354,18.878,1.0453
2024-12-16,DE,851.769,93.705,36.549,38.461,23.585,18.676,0.9576
2024-12-23,DE,601.534,76.552,39.164,40.652,24.762,11.251,1.0115
2024-12-30,DE,1068.678,61.016,44.233,39.112,34.85,6.572,1.0847
2025-01-06,DE,731.13,43.67,41.054,44.243,29.202,3.792,1.002
2025-01-13,DE,707.458,33.978,37.603,50.164,26.918,2.218,1.0303
2025-01-20,DE,649.495,24.636,34.973,28.798,35.07,1.647,0.9771
2025-01-27,DE,669.386,29.804,40.585,42.912,33.551,1.396,0.9833
2025-02-03,DE,765.169,25.526,37.484,42.605,30.65,1.46,1.0045
2025-02-10,DE,800.918,22.761,37.134,42.444,26.396,1.232,0.9989
2025-02-17,DE,604.193,19.423,39.765,44.504,29.849,0.999,0.9682
2025-02-24,DE,656.561,17.598,43.033,34.756,24.749,1.004,1.03
2025-03-03,DE,704.291,13.556,43.622,44.851,28.604,1.124,0.9856
2025-03-10,DE,781.42,13.45,35.591,41.27,29.05,1.151,1.0268
2025-03-17,DE,600.827,13.281,30.785,37.019,27.82,0.882,0.9988
2025-03-24,DE,510.268,12.068,33.517,37.452,28.292,0.778,1.0499
2025-03-31,DE,971.317,12.101,35.385,5.506,30.057,0.649,0.9964
2025-04-07,DE,644.718,12.554,34.682,34.839,20.516,1.111,0.9725
2025-04-14,DE,666.948,10.936,38.518,39.259,19.351,1.038,1.0415
2025-04-21,DE,660.505,8.588,40.874,27.747,27.221,1.03,0.9537
2025-04-28,DE,563.54,9.033,35.774,31.482,24.673,0.663,0.9891
2025-05-05,DE,639.294,10.538,33.335,30.561,28.293,4.313,0.9916
2025-05-12,DE,475.183,21.17,35.523,32.72,33.04,9.669,1.038
2025-05-19,DE,532.812,49.06,35.328,30.892,33.243,7.694,1.0178
2025-05-26,DE,472.293,56.988,28.685,21.905,30.493,8.017,1.008
2025-06-02,DE,433.919,64.244,23.605,33.815,25.393,5.907,1.0582
2025-06-09,DE,576.528,69.954,19.269,38.929,28.282,15.241,1.0058
2025-06-16,DE,514.993,62.377,22.472,27.302,21.15,12.741,0.9554
2025-06-23,DE,527.287,63.38,21.52,30.407,21.489,6.82,0.9617
2025-06-30,DE,476.085,68.469,20.466,25.12,19.303,3.758,0.9516
2025-07-07,DE,443.738,74.336,17.319,29.523,17.552,1.952,0.9999
2025-07-14,DE,463.599,74.321,20.433,27.376,15.959,1.221,0.9982
2025-07-21,DE,422.133,65.449,17.485,35.854,20.734,0.731,1.0129
2025-07-28,DE,486.862,64.874,17.209,27.161,14.939,0.678,1.0087
2025-08-04,DE,630.898,62.696,20.436,34.642,12.264,0.465,1.007
2025-08-11,DE,490.071,64.038,26.271,28.018,25.442,0.435,1.0597
2025-08-18,DE,473.185,74.089,27.754,29.474,26.372,0.339,1.012
2025-08-25,DE,487.876,55.221,32.134,34.871,29.523,0.399,0.9714
2025-09-01,DE,590.603,41.782,31.542,25.804,26.786,0.423,0.9839
2025-09-08,DE,580.997,31.721,30.368,30.015,29.365,0.342,0.9836
2025-09-15,DE,744.796,22.808,30.617,42.462,26.258,0.794,0.9979
2025-09-22,DE,900.87,20.303,28.937,34.538,25.595,4.479,0.9495
2025-09-29,DE,727.875,15.593,32.373,30.06,23.168,8.009,1.0379
2025-10-06,DE,638.957,13.434,39.846,29.563,37.57,13.076,0.9569
2025-10-13,DE,580.027,9.39,41.195,39.945,29.511,11.641,1.0175
2025-10-20,DE,925.571,11.691,42.067,37.134,38.189,6.361,1.0307
2025-10-27,DE,657.138,10.679,41.416,41.235,29.513,3.548,1.0248
2025-11-03,DE,837.897,37.19,40.755,25.172,27.176,11.787,1.0071
2025-11-10,DE,791.519,76.972,40.13,35.46,37.099,11.264,1.0026
2025-11-17,DE,919.17,70.694,35.786,36.709,36.622,22.555,1.0579
2025-11-24,DE,701.582,87.0,33.22,47.015,35.957,20.817,1.0276
2025-12-01,DE,685.437,97.505,32.624,48.704,30.366,20.07,0.9548
2025-12-08,DE,1021.337,87.905,41.164,47.687,37.18,19.907,1.0222
2025-12-15,DE,750.187,92.27,38.285,31.759,31.364,17.397,0.963
2025-12-22,DE,1486.071,74.637,41.925,47.809,34.429,10.616,1.0292
2023-01-02,FR,306.915,1.427,7.847,12.007,8.162,0.481,1.0078
2023-01-09,FR,371.39,6.068,11.933,15.282,12.497,0.682,1.0105
2023-01-16,FR,291.485,6.145,12.472,13.856,12.837,1.227,0.9421
2023-01-23,FR,329.12,5.851,12.657,9.373,16.733,1.098,0.9598
2023-01-30,FR,352.865,5.54,12.027,9.144,16.31,1.801,0.9194
2023-02-06,FR,330.985,6.107,17.05,15.414,14.539,1.54,1.0099
2023-02-13,FR,434.036,6.355,14.267,13.974,19.49,1.249,1.0062
2023-02-20,FR,305.353,6.421,14.347,9.289,15.969,1.412,0.9809
2023-02-27,FR,307.594,29.401,13.812,15.105,12.282,0.971,1.0223
2023-03-06,FR,277.34,37.529,13.147,11.34,17.051,1.035,1.0715
2023-03-13,FR,274.655,34.978,14.437,14.594,12.898,1.052,0.9792
2023-03-20,FR,302.372,36.034,14.072,10.872,11.167,1.986,0.9652
2023-03-27,FR,315.752,38.586,10.709,14.064,9.08,1.816,1.0411
2023-04-03,FR,237.137,29.91,8.707,13.194,10.12,1.897,0.9328
2023-04-10,FR,278.083,21.555,9.034,10.105,12.494,1.316,0.9214
2023-04-17,FR,237.963,16.968,12.687,9.515,7.81,0.927,1.03
2023-04-24,FR,251.896,12.345,15.114,13.593,9.238,0.664,0.9943
2023-05-01,FR,268.458,10.114,12.418,11.383,6.695,7.783,0.9545
2023-05-08,FR,284.125,23.23,11.321,7.928,12.531,8.548,0.9812
2023-05-15,FR,250.962,24.905,9.118,7.586,10.515,8.308,0.9972
2023-05-22,FR,213.279,30.85,9.843,0.803,13.105,5.226,0.9915
2023-05-29,FR,255.55,36.352,10.03,8.371,10.134,3.427,1.014
2023-06-05,FR,201.752,27.091,8.71,6.757,6.327,2.023,0.9812
2023-06-12,FR,224.892,19.961,8.58,12.909,6.922,1.307,0.937
2023-06-19,FR,233.421,13.603,9.274,7.534,17.659,0.955,0.9444
2023-06-26,FR,195.901,9.138,11.688,6.482,11.736,3.24,1.0364
2023-07-03,FR,254.935,6.979,13.041,5.01,11.371,4.653,0.9764
2023-07-10,FR,199.621,4.728,14.939,7.639,7.403,7.377,0.9786
2023-07-17,FR,206.79,3.611,11.243,7.638,6.845,4.098,0.9091
2023-07-24,FR,208.347,3.098,7.706,10.023,9.63,5.371,0.9495
2023-07-31,FR,235.767,13.751,8.302,7.974,11.922,10.342,1.0016
2023-08-07,FR,271.548,26.289,7.236,8.99,12.448,17.064,0.9776
2023-08-14,FR,233.493,32.901,9.379,9.238,8.451,14.095,1.0023
2023-08-21,FR,218.882,29.982,9.277,9.999,6.346,13.682,1.0138
2023-08-28,FR,268.287,31.148,8.899,1.183,6.253,10.588,0.9819
2023-09-04,FR,251.703,35.596,10.024,8.617,1.396,6.822,1.0873
2023-09-11,FR,345.552,26.706,12.935,11.436,7.714,3.737,0.9836
2023-09-18,FR,310.878,20.323,13.181,14.222,12.139,2.543,1.0232
2023-09-25,FR,263.89,14.599,12.802,18.133,8.355,2.162,1.0118
2023-10-02,FR,278.595,20.673,11.471,10.738,7.986,2.074,1.0623
2023-10-09,FR,341.325,47.198,10.459,9.991,12.31,1.403,0.9878
2023-10-16,FR,289.912,45.413,12.747,11.917,12.997,1.158,0.9785
2023-10-23,FR,475.133,45.441,12.488,14.749,12.379,1.157,0.9792
2023-10-30,FR,398.377,50.162,11.541,13.633,18.49,0.874,1.0137
2023-11-06,FR,314.588,49.378,14.023,11.622,13.419,6.686,1.0204
2023-11-13,FR,332.603,53.826,14.156,15.127,16.385,15.163,0.9732
2023-11-20,FR,449.931,60.987,13.81,10.479,15.313,20.661,1.0077
2023-11-27,FR,294.929,58.789,17.582,12.188,13.918,18.241,0.9433
2023-12-04,FR,302.993,64.987,15.292,11.335,12.339,17.36,1.0537
2023-12-11,FR,330.535,61.31,16.916,10.874,9.87,17.181,1.0396
2023-12-18,FR,324.156,55.159,16.174,10.115,10.019,22.631,1.0277
2023-12-25,FR,491.797,46.345,16.341,11.602,12.479,15.621,0.9957
2024-01-01,FR,377.277,37.589,15.814,11.624,11.876,10.12,0.9777
2024-01-08,FR,391.806,28.01,17.173,9.723,11.844,7.221,1.0176
2024-01-15,FR,328.212,20.322,18.852,9.544,13.468,5.146,0.9744
2024-01-22,FR,389.737,14.852,15.327,11.09,17.768,15.006,0.9479
2024-01-29,FR,314.051,10.398,17.288,14.216,16.726,21.143,1.0173
2024-02-05,FR,317.419,8.604,15.518,10.506,15.142,17.69,1.0057
2024-02-12,FR,321.499,6.697,15.516,13.651,12.065,19.483,1.0492
2024-02-19,FR,360.179,7.717,15.294,12.879,12.692,12.991,0.9719
2024-02-26,FR,296.295,28.473,13.734,13.775,14.149,7.763,1.0321
2024-03-04,FR,337.452,32.493,12.697,8.99,11.848,16.187,0.978
2024-03-11,FR,278.877,35.204,13.345,9.839,13.994,20.464,1.0008
2024-03-18,FR,350.168,43.988,12.191,13.308,13.155,18.347,1.0153
2024-03-25,FR,362.919,35.014,13.789,16.698,14.225,15.222,1.0044
2024-04-01,FR,287.858,25.625,11.062,10.888,20.905,11.248,0.9726
2024-04-08,FR,278.231,19.091,11.293,7.674,16.158,7.968,1.029
2024-04-15,FR,251.484,14.445,14.328,11.529,14.186,4.542,0.9613
2024-04-22,FR,248.234,10.949,12.762,14.366,11.557,2.939,1.0464
2024-04-29,FR,247.397,9.103,10.728,11.507,13.411,1.977,0.9308
2024-05-06,FR,281.689,6.819,10.756,9.115,10.186,1.98,1.0349
2024-05-13,FR,264.132,4.787,9.338,8.715,10.867,1.164,0.9754
2024-05-20,FR,248.875,4.741,11.397,12.429,7.086,0.925,0.9832
2024-05-27,FR,292.177,3.455,11.049,16.218,14.381,0.695,0.9384
2024-06-03,FR,252.623,2.858,10.206,13.757,4.373,0.595,0.9939
2024-06-10,FR,257.506,2.704,11.176,11.412,6.022,0.46,1.007
2024-06-17,FR,206.883,1.983,10.241,10.584,12.849,0.385,1.0247
2024-06-24,FR,212.463,1.941,8.805,9.023,10.945,0.465,1.0374
2024-07-01,FR,266.875,1.663,8.427,9.18,11.042,0.498,0.9945
2024-07-08,FR,196.148,1.543,7.614,8.563,9.885,0.379,1.0016
2024-07-15,FR,205.871,1.388,6.843,5.541,8.692,0.402,1.0134
2024-07-22,FR,232.948,1.262,9.03,4.507,10.994,0.343,1.0108
2024-07-29,FR,277.737,1.785,8.328,9.963,9.153,0.527,1.0482
2024-08-05,FR,217.555,2.193,8.256,9.314,7.514,0.701,1.0079
2024-08-12,FR,279.363,2.326,11.174,8.557,13.444,0.949,0.9725
2024-08-19,FR,272.687,2.212,9.31,10.788,11.786,0.821,1.0208
2024-08-26,FR,267.742,1.995,9.216,11.383,14.219,0.723,0.9378
2024-09-02,FR,313.993,1.593,9.829,9.076,12.858,0.799,0.957
2024-09-09,FR,273.115,9.964,14.877,8.721,15.249,0.771,0.9914
2024-09-16,FR,282.291,18.498,13.747,13.597,10.345,0.889,0.9971
2024-09-23,FR,291.885,27.779,13.933,10.175,15.028,0.865,1.0454
2024-09-30,FR,346.74,37.11,13.997,12.609,15.527,0.745,1.0035
2024-10-07,FR,362.393,38.707,12.124,12.81,12.768,1.018,0.9928
2024-10-14,FR,349.984,40.537,14.11,12.153,16.122,1.454,1.0266
2024-10-21,FR,362.99,31.076,16.128,12.383,17.156,11.746,1.0211
2024-10-28,FR,343.776,23.437,18.921,13.048,16.128,12.466,1.0222
2024-11-04,FR,312.934,34.197,16.962,13.19,17.906,20.461,1.0368
2024-11-11,FR,309.506,34.644,17.28,10.796,14.747,17.342,1.0271
2024-11-18,FR,363.832,38.441,18.132,12.948,13.205,17.292,1.0003
2024-11-25,FR,365.589,41.48,17.134,15.341,3.816,19.268,0.9819
2024-12-02,FR,389.58,40.097,20.683,17.889,15.254,20.252,0.9546
2024-12-09,FR,412.936,38.554,21.743,17.742,16.617,20.069,1.026
2024-12-16,FR,527.091,47.716,21.46,9.528,12.6,19.557,1.005
2024-12-23,FR,380.212,38.875,17.788,16.203,17.343,12.947,1.031
2024-12-30,FR,454.651,29.793,16.567,14.269,19.016,8.972,0.9958
2025-01-06,FR,384.282,22.557,17.778,11.474,21.972,6.542,1.0156
2025-01-13,FR,338.144,17.939,17.078,1.464,18.518,4.444,1.0052
2025-01-20,FR,440.589,13.089,14.054,16.577,20.854,2.782,0.9488
2025-01-27,FR,319.072,10.441,15.422,14.55,14.938,2.569,0.989
2025-02-03,FR,321.068,9.306,19.822,12.729,19.08,16.689,0.9278
2025-02-10,FR,379.717,7.124,20.584,11.599,19.314,20.226,1.0023
2025-02-17,FR,328.58,6.324,19.563,12.723,7.528,18.746,1.106
2025-02-24,FR,309.968,4.534,17.713,12.434,16.096,18.242,1.0393
2025-03-03,FR,277.102,4.357,16.388,10.652,10.936,22.212,1.0488
2025-03-10,FR,320.997,4.061,16.027,1.302,14.189,21.537,0.9918
2025-03-17,FR,305.257,5.479,14.422,9.376,15.671,14.254,0.9723
2025-03-24,FR,348.727,5.015,13.434,12.761,15.037,9.53,0.9863
2025-03-31,FR,468.405,4.252,13.913,7.525,16.556,5.543,1.026
2025-04-07,FR,328.353,4.262,17.966,9.175,16.665,4.396,0.963
2025-04-14,FR,358.38,4.005,16.688,17.471,11.583,4.271,1.0838
2025-04-21,FR,325.627,3.26,15.325,13.487,13.997,3.463,0.9824
2025-04-28,FR,222.415,3.117,15.933,16.095,11.64,2.572,0.9907
2025-05-05,FR,271.293,4.3,17.218,14.052,15.636,1.792,1.0431
2025-05-12,FR,224.404,3.969,16.754,13.7,14.174,1.087,1.0157
2025-05-19,FR,264.608,2.969,13.288,12.781,15.37,0.82,1.031
2025-05-26,FR,239.895,2.684,15.751,9.575,19.478,0.611,0.9234
2025-06-02,FR,265.061,2.701,15.091,10.773,17.37,0.549,0.9891
2025-06-09,FR,235.918,2.484,11.712,13.837,9.935,0.634,0.9968
2025-06-16,FR,237.295,2.999,10.727,10.944,8.21,0.55,1.0011
2025-06-23,FR,228.918,2.512,7.986,9.118,10.118,0.705,1.0611
2025-06-30,FR,249.81,3.046,7.892,9.227,11.224,0.538,0.978
2025-07-07,FR,243.625,2.444,8.819,12.751,10.942,0.597,1.0099
2025-07-14,FR,216.9,2.22,9.886,7.23,10.395,0.761,1.0607
2025-07-21,FR,223.573,2.561,9.416,13.84,12.745,0.572,0.9254
2025-07-28,FR,231.013,1.952,10.29,9.61,9.795,0.546,0.9512
2025-08-04,FR,320.089,1.721,9.836,9.565,12.112,0.454,0.987
2025-08-11,FR,294.377,2.102,11.528,9.324,11.129,0.445,0.9684
2025-08-18,FR,237.429,18.411,11.86,11.196,15.359,0.599,0.9585
2025-08-25,FR,276.748,21.1,13.503,11.603,14.577,0.733,1.0086
2025-09-01,FR,262.525,28.387,15.255,12.792,11.693,1.023,1.0511
2025-09-08,FR,312.791,27.392,15.923,11.25,11.014,5.135,0.9558
2025-09-15,FR,312.648,33.343,14.742,9.724,19.878,11.027,1.0404
2025-09-22,FR,332.803,26.484,12.109,10.875,18.466,16.038,0.9654
2025-09-29,FR,280.639,19.453,14.718,10.393,18.524,16.77,0.9808
2025-10-06,FR,279.9,14.232,12.734,9.564,15.749,18.339,1.0362
2025-10-13,FR,301.625,12.325,16.005,14.282,5.1,15.75,1.0238
2025-10-20,FR,283.007,27.315,18.345,14.845,7.98,15.238,1.0011
2025-10-27,FR,375.655,38.132,19.104,9.855,17.335,20.803,0.9992
2025-11-03,FR,334.154,45.296,20.001,10.753,17.177,17.449,0.9974
2025-11-10,FR,309.554,44.877,20.248,16.505,20.313,14.956,0.9567
2025-11-17,FR,415.618,48.668,17.539,15.87,21.55,17.974,1.043
2025-11-24,FR,348.84,54.343,15.234,17.583,19.351,15.981,1.02
2025-12-01,FR,377.204,51.256,12.643,12.811,19.312,22.891,0.9356
2025-12-08,FR,373.716,52.593,15.369,8.968,20.981,25.098,1.0362
2025-12-15,FR,580.946,49.774,17.294,9.868,18.195,22.607,0.9528
2025-12-22,FR,410.553,41.462,17.922,15.059,20.269,15.93,1.0234
2023-01-02,IT,246.735,0.435,4.148,0.0,12.142,0.094,1.0366
2023-01-09,IT,323.894,3.717,7.272,8.413,11.211,0.273,1.0433
2023-01-16,IT,404.759,5.624,7.186,8.06,11.649,6.996,0.9627
2023-01-23,IT,308.782,6.698,7.882,6.368,14.152,12.468,1.0049
2023-01-30,IT,342.123,7.011,10.327,8.135,12.918,15.382,1.0492
2023-02-06,IT,273.125,5.623,10.347,8.879,13.678,18.646,0.9364
2023-02-13,IT,210.72,4.762,9.344,6.11,16.744,16.398,0.9409
2023-02-20,IT,303.57,6.234,9.721,10.82,17.882,17.552,0.9579
2023-02-27,IT,221.324,6.249,8.408,9.624,15.657,16.642,1.0014
2023-03-06,IT,327.052,6.148,10.295,5.223,14.1,18.687,0.9427
2023-03-13,IT,280.693,5.09,9.553,7.609,10.046,12.639,0.9697
2023-03-20,IT,239.923,4.507,12.057,6.524,12.819,12.851,1.0216
2023-03-27,IT,382.087,4.144,9.357,9.661,12.284,12.333,0.9869
2023-04-03,IT,286.265,4.402,7.877,8.837,12.089,11.437,0.9786
2023-04-10,IT,260.822,5.072,7.389,8.499,14.671,7.363,1.0364
2023-04-17,IT,180.691,6.428,7.869,7.082,10.438,4.423,0.9445
2023-04-24,IT,192.655,16.47,7.789,7.559,13.999,3.009,0.9886
2023-05-01,IT,212.108,24.319,7.517,8.033,10.452,2.28,1.0326
2023-05-08,IT,176.637,25.31,8.946,4.639,8.239,1.441,0.9721
2023-05-15,IT,194.643,22.477,8.776,6.063,8.486,1.183,1.0446
2023-05-22,IT,232.283,28.592,6.676,5.762,8.008,1.086,0.9273
2023-05-29,IT,269.276,25.395,6.706,5.836,9.988,0.956,1.0302
2023-06-05,IT,200.456,18.2,5.271,7.085,16.062,1.003,0.9734
2023-06-12,IT,164.256,13.148,8.319,5.082,16.798,0.834,1.0095
2023-06-19,IT,174.257,9.843,6.631,3.757,11.85,0.487,1.0446
2023-06-26,IT,187.912,15.323,6.847,3.563,10.068,0.61,1.0356
2023-07-03,IT,189.123,22.763,5.975,6.007,13.271,0.351,0.9878
2023-07-10,IT,176.959,27.868,5.44,3.728,13.178,0.434,1.006
2023-07-17,IT,168.881,26.135,4.262,4.293,9.084,0.566,1.0002
2023-07-24,IT,173.291,23.76,4.807,5.719,2.152,0.384,0.9567
2023-07-31,IT,170.751,26.825,5.323,4.309,8.942,0.291,1.0543
2023-08-07,IT,204.962,19.603,6.418,3.26,13.703,0.396,0.9214
2023-08-14,IT,282.096,24.69,8.472,5.508,20.213,0.549,0.9965
2023-08-21,IT,176.506,29.988,10.114,6.394,15.032,0.582,1.0274
2023-08-28,IT,195.382,27.243,13.042,4.658,15.785,0.45,0.9737
2023-09-04,IT,261.604,29.459,9.433,7.43,14.577,9.359,1.0065
2023-09-11,IT,233.602,40.233,12.507,5.317,14.925,12.207,0.9841
2023-09-18,IT,243.503,38.736,11.474,4.397,12.643,10.421,0.9959
2023-09-25,IT,275.723,30.427,11.216,8.216,13.553,6.658,1.0022
2023-10-02,IT,266.1,22.528,10.12,7.893,16.576,3.453,1.0334
2023-10-09,IT,220.499,18.074,9.967,0.985,13.908,2.511,1.0664
2023-10-16,IT,224.82,13.97,10.964,4.907,16.818,1.437,0.9536
2023-10-23,IT,344.281,10.341,11.249,4.625,17.53,1.422,1.0116
2023-10-30,IT,213.481,10.577,9.738,7.275,16.558,1.371,1.0376
2023-11-06,IT,282.213,13.364,9.122,7.096,23.262,11.63,0.9797
2023-11-13,IT,249.809,20.927,8.72,6.673,21.983,14.206,1.0443
2023-11-20,IT,262.353,35.526,8.983,8.046,21.194,14.279,0.8745
2023-11-27,IT,255.009,35.404,8.336,9.66,21.859,12.94,1.0406
2023-12-04,IT,532.553,34.742,8.454,6.857,19.625,12.575,0.9946
2023-12-11,IT,315.098,33.764,11.89,8.361,17.536,16.79,0.9869
2023-12-18,IT,321.818,36.238,12.66,8.125,19.691,17.091,0.9964
2023-12-25,IT,376.782,28.411,11.443,12.283,19.534,11.782,1.0422
2024-01-01,IT,322.948,20.895,10.259,8.253,20.744,7.559,0.9843
2024-01-08,IT,250.19,16.618,8.787,6.832,19.482,4.36,0.9521
2024-01-15,IT,253.901,13.633,9.746,8.47,17.902,3.006,0.9418
2024-01-22,IT,276.093,11.691,8.022,13.159,16.628,2.037,0.9728
2024-01-29,IT,323.071,8.763,10.552,7.575,14.208,1.223,0.9842
2024-02-05,IT,249.492,7.904,10.673,6.849,13.288,1.418,0.9619
2024-02-12,IT,223.134,6.177,9.501,7.709,20.347,1.121,1.0161
2024-02-19,IT,257.324,5.433,8.114,6.192,18.343,0.986,0.9746
2024-02-26,IT,358.535,19.766,8.045,9.077,18.116,1.136,1.0024
2024-03-04,IT,225.535,37.915,10.771,1.238,15.216,0.987,0.9725
2024-03-11,IT,236.0,43.295,11.341,7.433,14.299,0.898,0.9943
2024-03-18,IT,276.764,44.728,10.672,7.127,16.991,1.381,0.9859
2024-03-25,IT,220.705,48.071,10.489,8.929,16.564,6.838,1.0025
2024-04-01,IT,237.982,38.647,10.216,1.204,20.06,11.856,1.001
2024-04-08,IT,201.144,29.453,10.519,7.238,12.165,8.594,1.03
2024-04-15,IT,207.195,21.993,8.253,5.775,14.314,10.175,0.9883
2024-04-22,IT,211.912,17.022,8.545,7.017,15.232,11.823,1.0151
2024-04-29,IT,257.733,12.985,8.101,0.823,12.999,11.083,0.9982
2024-05-06,IT,180.996,9.831,8.65,6.425,15.302,13.909,1.0223
2024-05-13,IT,231.054,8.709,7.675,5.791,13.003,11.245,1.0274
2024-05-20,IT,191.839,18.493,7.389,6.049,13.122,11.881,1.0591
2024-05-27,IT,237.59,23.056,7.756,5.335,18.316,10.743,0.9985
2024-06-03,IT,175.736,23.995,8.485,6.19,12.164,8.465,1.0218
2024-06-10,IT,173.199,28.97,7.05,9.171,13.447,8.725,0.9855
2024-06-17,IT,225.605,26.209,7.599,8.557,11.001,8.22,0.9518
2024-06-24,IT,168.114,28.556,6.966,5.611,8.512,9.65,0.9981
2024-07-01,IT,210.364,21.094,5.908,5.848,11.556,8.835,1.0181
2024-07-08,IT,164.631,15.108,6.419,3.565,6.756,5.175,1.0457
2024-07-15,IT,183.283,11.447,5.777,6.324,10.831,2.678,1.0037
2024-07-22,IT,191.199,9.454,5.174,7.011,7.846,1.515,1.0061
2024-07-29,IT,164.319,6.605,8.554,4.002,10.292,0.792,0.9684
2024-08-05,IT,196.011,5.523,8.425,4.109,9.789,0.744,1.0629
2024-08-12,IT,205.266,4.222,7.089,4.174,14.822,0.457,0.9668
2024-08-19,IT,173.436,3.876,8.895,6.09,14.415,0.733,0.9992
2024-08-26,IT,230.307,3.361,9.179,5.43,15.517,0.673,1.0265
2024-09-02,IT,238.815,3.014,9.717,7.937,11.611,0.554,0.9844
2024-09-09,IT,281.727,2.919,9.793,0.993,18.419,0.722,1.0208
2024-09-16,IT,265.011,3.486,8.336,4.802,14.982,0.778,0.9311
2024-09-23,IT,246.901,3.628,7.405,5.962,20.226,0.534,0.9902
2024-09-30,IT,228.591,3.674,8.919,7.126,15.583,0.82,1.0243
2024-10-07,IT,243.338,4.887,7.928,7.435,20.351,1.549,0.8774
2024-10-14,IT,222.158,5.806,8.736,9.703,20.968,0.96,0.9317
2024-10-21,IT,210.7,5.558,7.642,9.465,22.073,1.015,1.0101
2024-10-28,IT,242.88,4.437,8.767,11.635,17.211,1.478,0.9271
2024-11-04,IT,231.68,8.961,10.248,5.943,17.053,6.542,0.9729
2024-11-11,IT,247.536,20.621,10.52,13.282,18.446,6.914,1.0379
2024-11-18,IT,235.383,33.439,11.901,10.464,20.862,11.275,0.9306
2024-11-25,IT,287.501,33.704,11.949,8.678,24.991,15.592,1.0344
2024-12-02,IT,251.589,43.676,12.698,7.28,21.128,14.347,1.0021
2024-12-09,IT,307.777,41.772,12.792,10.139,19.947,11.386,0.9968
2024-12-16,IT,240.642,48.513,13.317,11.619,18.683,10.057,0.9166
2024-12-23,IT,463.734,40.787,12.157,10.53,22.799,5.779,1.0203
2024-12-30,IT,336.424,33.038,13.267,10.94,19.115,4.162,0.9454
2025-01-06,IT,256.147,24.967,12.663,9.237,17.385,2.575,0.9816
2025-01-13,IT,333.044,21.112,12.638,8.307,21.075,1.847,1.0512
2025-01-20,IT,250.028,16.105,12.274,7.484,19.168,1.668,0.9551
2025-01-27,IT,258.871,12.502,11.567,5.782,24.576,1.013,0.9724
2025-02-03,IT,271.219,10.058,12.356,8.171,21.371,0.95,0.9423
2025-02-10,IT,301.202,15.965,10.108,10.558,14.875,0.872,0.9395
2025-02-17,IT,251.051,29.921,9.259,12.191,16.34,0.907,0.992
2025-02-24,IT,201.29,39.914,8.074,8.978,13.134,5.977,1.0182
2025-03-03,IT,265.156,43.613,10.703,5.992,16.293,8.275,0.9879
2025-03-10,IT,258.119,41.924,10.145,7.437,16.351,9.567,0.9813
2025-03-17,IT,209.566,39.333,11.012,8.699,16.415,11.23,0.9983
2025-03-24,IT,256.03,30.229,13.628,10.809,12.787,10.684,1.0324
2025-03-31,IT,289.551,24.018,12.914,8.416,17.243,7.023,0.9622
2025-04-07,IT,283.118,18.676,9.533,9.842,13.771,4.589,1.042
2025-04-14,IT,230.832,13.627,8.298,8.805,22.002,2.911,0.9559
2025-04-21,IT,215.3,9.856,10.489,8.176,21.703,1.792,0.974
2025-04-28,IT,292.203,13.493,9.752,7.809,14.703,1.203,1.0352
2025-05-05,IT,243.451,18.78,10.86,7.558,15.794,1.097,1.0016
2025-05-12,IT,185.872,21.23,12.73,6.547,4.71,0.864,1.0036
2025-05-19,IT,186.448,16.175,10.113,6.682,14.806,0.606,0.9475
2025-05-26,IT,173.969,10.755,12.995,5.869,14.522,0.592,1.0176
2025-06-02,IT,217.109,16.553,10.738,7.623,14.974,0.581,1.0406
2025-06-09,IT,161.936,27.341,9.376,4.588,11.455,0.558,0.9921
2025-06-16,IT,165.783,27.509,9.633,4.829,9.298,0.401,1.0353
2025-06-23,IT,165.361,26.41,14.618,7.283,7.626,1.763,0.9944
2025-06-30,IT,231.727,22.426,11.639,4.808,14.005,3.247,0.9436
2025-07-07,IT,195.787,26.556,11.741,6.281,13.951,3.802,0.9943
2025-07-14,IT,205.513,18.975,10.858,5.259,14.238,3.85,1.0145
2025-07-21,IT,162.894,13.085,9.361,4.056,12.712,2.313,1.0174
2025-07-28,IT,151.418,9.779,9.099,5.849,13.371,1.334,1.0017
2025-08-04,IT,176.852,7.082,7.634,8.384,11.411,0.874,0.9945
2025-08-11,IT,215.979,4.89,7.679,6.385,15.1,0.679,1.0382
2025-08-18,IT,212.596,4.344,6.751,8.117,12.441,1.682,1.0293
2025-08-25,IT,210.412,4.428,9.527,8.719,13.869,6.406,0.9666
2025-09-01,IT,182.001,3.604,8.364,5.607,15.185,8.106,0.9692
2025-09-08,IT,222.652,4.787,9.266,8.967,15.105,7.984,1.0184
2025-09-15,IT,236.851,3.762,7.959,7.165,14.386,4.577,0.9471
2025-09-22,IT,213.474,5.526,8.201,9.787,17.994,3.116,0.9833
2025-09-29,IT,218.125,4.725,7.485,7.956,18.597,2.015,0.9826
2025-10-06,IT,281.039,6.577,9.568,9.614,18.714,1.991,0.9655
2025-10-13,IT,365.939,19.683,9.477,14.059,19.279,1.984,1.0567
2025-10-20,IT,255.947,26.857,10.442,8.902,20.001,2.134,1.0071
2025-10-27,IT,224.521,28.727,13.445,7.052,18.893,1.788,0.9707
2025-11-03,IT,235.23,31.881,15.0,9.086,14.727,9.557,0.9414
2025-11-10,IT,247.533,30.919,12.062,10.449,19.896,8.89,0.9652
2025-11-17,IT,311.61,32.834,10.377,12.116,15.488,10.953,1.0156
2025-11-24,IT,245.215,42.568,12.649,12.116,21.521,15.636,0.9816
2025-12-01,IT,272.858,40.906,13.168,9.322,21.69,16.798,0.9909
2025-12-08,IT,368.38,47.088,13.761,8.727,18.651,13.411,0.9936
2025-12-15,IT,346.644,46.014,14.241,7.244,18.101,14.07,0.9481
2025-12-22,IT,321.251,37.32,15.287,7.843,19.272,8.814,1.0144
2023-01-02,NL,144.992,0.162,11.49,12.743,13.778,0.021,0.9743
2023-01-09,NL,153.542,0.389,13.546,9.866,14.378,0.032,1.0346
2023-01-16,NL,150.661,0.415,11.199,9.034,15.085,0.057,1.0267
2023-01-23,NL,153.045,0.46,16.388,11.586,5.73,0.064,1.0199
2023-01-30,NL,158.213,0.593,14.462,12.806,15.514,0.063,1.0439
2023-02-06,NL,116.155,0.688,11.412,9.568,12.794,0.553,0.9778
2023-02-13,NL,140.484,0.678,16.822,11.228,14.169,1.312,0.9646
2023-02-20,NL,153.68,0.749,14.548,11.853,9.796,1.177,0.9557
2023-02-27,NL,121.995,0.647,12.54,8.545,15.124,1.32,0.9609
2023-03-06,NL,130.799,0.572,13.036,7.371,13.427,0.629,0.9843
2023-03-13,NL,157.546,0.524,13.526,10.355,13.433,0.441,1.0652
2023-03-20,NL,141.613,2.658,12.411,11.916,12.549,0.308,1.0951
2023-03-27,NL,159.253,2.933,13.785,7.921,13.106,0.214,0.922
2023-04-03,NL,106.02,3.146,13.462,10.644,12.261,0.156,0.9639
2023-04-10,NL,122.07,2.259,16.049,8.887,3.892,0.112,0.996
2023-04-17,NL,113.891,1.601,14.611,9.764,12.659,0.118,0.9682
2023-04-24,NL,108.593,1.014,12.639,10.876,10.423,0.085,0.9889
2023-05-01,NL,109.957,0.768,13.403,8.063,7.44,0.064,0.9952
2023-05-08,NL,125.358,1.989,12.761,5.465,13.617,0.051,0.9637
2023-05-15,NL,102.14,3.609,12.146,6.72,12.215,0.068,1.0054
2023-05-22,NL,109.595,3.967,11.356,6.884,10.319,0.06,0.9753
2023-05-29,NL,90.943,4.476,13.405,8.992,12.021,0.065,0.9545
2023-06-05,NL,115.003,4.463,13.326,6.739,7.515,0.062,0.9893
2023-06-12,NL,101.835,3.114,12.071,5.893,8.226,0.966,1.0065
2023-06-19,NL,99.978,3.509,11.269,6.472,10.821,0.735,0.9957
2023-06-26,NL,81.917,3.208,9.521,8.992,8.435,0.683,0.9613
2023-07-03,NL,90.099,3.131,8.12,5.875,6.609,0.668,1.0641
2023-07-10,NL,87.491,3.173,7.806,7.649,7.68,0.84,1.0047
2023-07-17,NL,94.064,2.791,8.557,5.181,8.657,0.904,1.0159
2023-07-24,NL,97.011,3.467,8.418,11.601,9.066,0.925,1.0131
2023-07-31,NL,99.61,3.81,9.287,5.353,12.188,0.979,0.9827
2023-08-07,NL,134.697,3.542,12.707,8.267,12.014,0.492,0.9896
2023-08-14,NL,105.619,4.549,9.475,8.673,10.675,0.281,0.9597
2023-08-21,NL,138.175,3.143,9.377,1.147,12.247,0.181,0.9913
2023-08-28,NL,117.625,2.313,10.214,7.103,12.833,0.174,1.0464
2023-09-04,NL,141.849,1.639,10.77,8.766,15.449,0.135,0.9333
2023-09-11,NL,128.734,1.459,12.363,8.93,15.195,0.118,1.0068
2023-09-18,NL,109.428,1.061,13.367,8.369,18.14,0.085,1.0219
2023-09-25,NL,151.571,0.968,13.881,9.094,16.228,0.086,0.9656
2023-10-02,NL,130.988,1.022,13.718,6.207,14.25,0.069,1.0261
2023-10-09,NL,144.244,0.88,17.203,11.312,13.766,0.093,0.9941
2023-10-16,NL,159.159,0.716,14.858,10.617,11.635,0.144,0.9808
2023-10-23,NL,168.11,0.683,13.219,12.573,11.816,0.146,0.9827
2023-10-30,NL,127.819,0.653,15.469,9.446,14.264,0.137,0.9946
2023-11-06,NL,167.964,1.998,15.268,9.334,16.635,0.61,0.9713
2023-11-13,NL,162.179,5.331,14.206,10.184,14.347,1.158,0.9918
2023-11-20,NL,146.838,5.416,15.141,10.219,13.062,1.964,0.988
2023-11-27,NL,169.29,6.475,15.36,12.265,16.066,2.358,1.0148
2023-12-04,NL,228.147,7.858,14.144,11.916,13.93,1.985,0.9868
2023-12-11,NL,229.928,8.767,14.565,10.374,19.01,1.885,0.986
2023-12-18,NL,214.232,9.021,16.047,1.577,18.876,1.403,0.9517
2023-12-25,NL,193.544,7.085,15.279,10.675,17.404,0.807,1.0313
2024-01-01,NL,206.68,5.11,18.377,12.988,15.926,0.506,1.0341
2024-01-08,NL,154.045,3.592,15.996,11.019,15.627,0.282,1.0644
2024-01-15,NL,156.454,5.662,14.641,10.508,16.24,0.215,1.0109
2024-01-22,NL,151.986,6.623,16.782,10.463,14.854,0.145,1.0056
2024-01-29,NL,138.666,7.057,16.901,10.454,14.19,0.11,0.9861
2024-02-05,NL,157.268,6.851,15.53,13.406,12.776,0.153,0.9942
2024-02-12,NL,144.511,6.565,16.799,12.057,17.034,0.149,1.0157
2024-02-19,NL,147.727,7.808,14.998,9.643,14.394,0.1,0.9599
2024-02-26,NL,136.154,8.007,16.126,6.851,14.552,0.083,1.041
2024-03-04,NL,135.386,6.227,14.938,14.016,18.136,0.096,0.9193
2024-03-11,NL,152.446,4.398,13.418,9.357,15.864,0.121,1.0364
2024-03-18,NL,136.133,3.151,11.504,9.733,13.126,0.093,0.9823
2024-03-25,NL,136.709,2.384,13.381,9.426,14.693,0.086,1.0389
2024-04-01,NL,171.84,1.753,12.243,10.632,11.967,0.087,1.0015
2024-04-08,NL,143.715,1.24,17.088,10.072,13.158,0.069,0.9985
2024-04-15,NL,130.366,0.847,16.363,8.645,13.416,0.054,1.0244
2024-04-22,NL,102.681,0.729,14.508,11.383,11.595,0.055,0.9985
2024-04-29,NL,131.777,0.576,12.829,7.816,12.725,0.043,1.0321
2024-05-06,NL,100.0,1.485,15.657,11.305,12.193,0.078,1.0457
2024-05-13,NL,102.144,2.825,15.846,10.238,12.195,0.068,1.0349
2024-05-20,NL,97.212,3.101,14.88,11.137,11.171,0.047,0.9673
2024-05-27,NL,93.853,2.235,12.48,11.058,11.056,0.036,0.991
2024-06-03,NL,109.524,1.508,12.826,9.041,9.572,0.043,0.9488
2024-06-10,NL,108.961,1.087,10.313,10.673,17.628,0.048,1.0295
2024-06-17,NL,102.426,0.838,10.078,7.318,18.163,0.034,0.9712
2024-06-24,NL,95.602,0.697,12.784,9.969,14.005,0.031,1.0253
2024-07-01,NL,89.698,0.674,10.828,1.463,12.835,0.034,0.9695
2024-07-08,NL,115.054,0.483,9.129,8.312,10.892,0.042,0.9558
2024-07-15,NL,97.693,0.349,8.53,9.066,8.454,0.446,0.9494
2024-07-22,NL,96.647,0.339,7.548,8.603,9.363,0.61,0.9436
2024-07-29,NL,107.333,0.31,9.09,11.471,17.678,0.457,1.0874
2024-08-05,NL,112.925,0.273,9.451,9.574,14.262,0.601,1.0212
2024-08-12,NL,118.695,0.24,12.011,5.472,9.558,0.838,0.9869
2024-08-19,NL,129.168,0.326,14.2,5.79,12.136,0.425,1.0229
2024-08-26,NL,130.959,0.426,12.125,7.539,12.656,0.917,1.0389
2024-09-02,NL,114.871,0.522,13.856,6.944,17.177,1.101,1.0104
2024-09-09,NL,138.118,0.521,18.087,6.576,15.388,0.98,1.0234
2024-09-16,NL,149.531,0.723,16.172,9.452,13.052,0.783,0.9955
2024-09-23,NL,136.972,2.231,16.263,10.247,12.069,0.897,0.9579
2024-09-30,NL,135.645,5.32,16.492,10.46,11.622,1.016,0.992
2024-10-07,NL,170.015,5.033,15.369,12.376,14.956,1.544,1.0046
2024-10-14,NL,133.912,5.462,13.616,10.792,12.158,1.955,1.0025
2024-10-21,NL,224.639,5.817,14.336,10.07,12.607,1.133,0.9402
2024-10-28,NL,213.53,5.083,12.61,8.963,14.764,0.588,0.9914
2024-11-04,NL,155.553,7.974,15.137,10.565,18.076,1.657,1.0618
2024-11-11,NL,178.56,8.258,14.71,10.559,17.15,1.856,0.9637
2024-11-18,NL,187.259,8.343,16.238,10.869,16.005,1.638,0.9861
2024-11-25,NL,169.253,8.442,15.739,10.263,6.495,2.271,1.1218
2024-12-02,NL,182.954,8.643,15.94,9.351,16.673,2.687,1.0378
2024-12-09,NL,213.992,9.905,16.245,12.215,17.198,3.151,0.9814
2024-12-16,NL,170.642,10.568,15.251,10.834,18.426,2.506,0.9966
2024-12-23,NL,183.722,8.301,15.276,10.259,18.661,1.348,1.0155
2024-12-30,NL,174.975,6.242,13.927,10.183,17.039,0.831,0.9419
2025-01-06,NL,163.497,4.57,15.906,7.88,15.128,0.443,0.9459
2025-01-13,NL,165.721,3.403,17.761,9.423,16.092,0.287,1.056
2025-01-20,NL,170.273,2.482,18.778,12.062,17.371,0.288,0.9819
2025-01-27,NL,151.75,1.917,16.577,11.444,16.349,0.188,0.9761
2025-02-03,NL,144.838,1.588,16.274,12.372,14.168,0.138,0.9729
2025-02-10,NL,182.231,4.552,17.381,13.527,15.643,0.116,0.9646
2025-02-17,NL,141.34,5.834,16.566,8.253,15.427,0.935,1.0383
2025-02-24,NL,136.356,6.116,17.377,9.524,15.646,2.01,1.0267
2025-03-03,NL,155.429,6.366,17.463,10.196,15.938,1.759,0.962
2025-03-10,NL,133.567,6.55,16.775,11.134,17.705,1.786,0.9735
2025-03-17,NL,124.278,7.051,15.722,10.561,14.297,2.02,0.9602
2025-03-24,NL,210.021,5.149,16.563,1.632,11.336,2.147,0.9752
2025-03-31,NL,186.699,3.838,15.214,8.503,15.755,1.165,0.9953
2025-04-07,NL,149.358,2.693,13.987,8.551,15.162,0.609,1.0056
2025-04-14,NL,176.175,3.144,14.235,11.876,13.087,0.369,1.0637
2025-04-21,NL,133.276,4.547,14.239,12.121,11.686,0.222,1.0762
2025-04-28,NL,125.737,4.015,13.023,11.787,11.424,0.132,0.9612
2025-05-05,NL,127.219,5.012,15.01,12.813,15.603,0.091,1.0013
2025-05-12,NL,119.073,4.966,12.113,8.792,13.436,0.062,0.9658
2025-05-19,NL,119.048,4.67,14.062,10.777,12.644,0.042,0.9727
2025-05-26,NL,157.443,3.166,14.827,8.783,9.896,0.037,1.0119
2025-06-02,NL,125.433,2.058,14.847,8.326,11.296,0.312,1.0459
2025-06-09,NL,110.062,1.316,15.092,13.48,12.583,0.713,1.0318
2025-06-16,NL,106.573,0.906,13.811,6.825,14.78,0.634,0.9862
2025-06-23,NL,122.33,0.715,12.079,8.236,13.317,1.103,0.9566
2025-06-30,NL,102.959,0.515,16.414,8.544,10.281,0.668,0.957
2025-07-07,NL,107.688,0.471,16.484,9.656,7.755,0.615,1.024
2025-07-14,NL,126.264,0.347,14.431,9.662,10.101,0.718,0.988
2025-07-21,NL,106.6,0.318,13.027,6.512,13.303,0.394,0.9462
2025-07-28,NL,133.232,0.282,12.456,8.875,10.358,0.426,1.0246
2025-08-04,NL,121.85,0.237,12.619,8.708,12.396,0.752,0.9865
2025-08-11,NL,115.777,0.203,16.792,12.187,10.475,1.841,0.946
2025-08-18,NL,153.229,0.292,16.26,10.894,17.647,1.681,1.058
2025-08-25,NL,134.929,0.302,14.365,10.717,14.414,0.853,0.9982
2025-09-01,NL,154.307,0.249,13.9,9.5,12.098,0.446,1.0302
2025-09-08,NL,140.253,0.268,14.416,11.083,14.684,0.272,1.0284
2025-09-15,NL,154.103,0.256,13.366,9.074,12.568,0.152,1.0692
2025-09-22,NL,153.97,0.288,13.835,10.604,12.027,0.105,1.0045
2025-09-29,NL,167.995,3.234,15.401,13.233,14.836,0.09,1.0023
2025-10-06,NL,180.675,5.12,14.976,9.384,18.058,0.073,0.9292
2025-10-13,NL,149.675,6.088,13.341,8.787,16.13,0.088,0.9221
2025-10-20,NL,141.687,4.369,17.73,9.569,15.307,0.105,1.0057
2025-10-27,NL,164.933,3.275,16.767,11.302,12.754,0.12,1.0155
2025-11-03,NL,162.898,5.32,18.017,10.261,17.555,1.778,0.997
2025-11-10,NL,162.417,6.919,16.539,12.261,16.83,2.178,1.0045
2025-11-17,NL,160.735,6.388,18.032,12.47,15.689,2.19,1.015
2025-11-24,NL,182.287,7.142,17.571,11.647,18.933,2.054,0.958
2025-12-01,NL,215.642,8.378,17.021,11.455,15.864,2.158,1.0134
2025-12-08,NL,234.19,7.497,17.869,10.361,19.257,2.043,1.0439
2025-12-15,NL,167.738,7.694,16.712,12.189,16.752,2.641,0.9946
2025-12-22,NL,187.718,5.673,18.62,10.622,18.997,1.716,1.0545
2023-01-02,PL,64.015,0.226,6.145,2.474,18.986,0.01,1.0463
2023-01-09,PL,78.381,0.562,7.26,3.382,18.942,0.071,1.0087
2023-01-16,PL,80.88,4.776,6.537,3.435,22.774,0.088,1.0235
2023-01-23,PL,77.148,5.147,8.005,2.878,23.106,0.091,1.0751
2023-01-30,PL,74.879,9.018,9.421,2.499,23.977,0.082,1.025
2023-02-06,PL,80.052,9.541,12.332,4.527,20.021,0.07,0.9702
2023-02-13,PL,76.192,12.276,11.497,2.183,22.135,0.064,1.0169
2023-02-20,PL,69.101,9.197,10.642,2.809,22.101,0.069,1.0345
2023-02-27,PL,82.483,6.687,9.47,2.775,24.398,0.075,0.9673
2023-03-06,PL,81.869,4.793,8.276,3.442,21.221,0.124,1.0467
2023-03-13,PL,74.213,3.513,7.271,3.783,16.474,0.092,1.0178
2023-03-20,PL,130.311,3.1,6.417,3.025,16.067,0.083,0.9631
2023-03-27,PL,118.235,2.422,7.807,2.595,15.854,0.069,0.9906
2023-04-03,PL,118.438,1.962,8.637,1.951,14.222,0.085,0.9765
2023-04-10,PL,67.397,1.631,7.852,2.279,13.314,0.083,1.0216
2023-04-17,PL,99.538,4.162,7.382,3.341,16.763,0.058,1.0972
2023-04-24,PL,60.462,4.855,7.65,2.837,17.54,0.04,0.9954
2023-05-01,PL,60.359,5.323,6.679,3.239,16.92,0.043,1.0403
2023-05-08,PL,56.298,9.907,6.09,2.403,16.726,0.043,0.9354
2023-05-15,PL,61.376,6.839,6.872,2.806,14.023,0.039,0.9739
2023-05-22,PL,69.153,4.625,7.84,3.477,18.486,0.029,1.0138
2023-05-29,PL,52.554,3.317,6.329,2.045,13.135,0.04,1.0222
2023-06-05,PL,66.518,2.25,7.051,3.715,12.033,0.34,1.0074
2023-06-12,PL,73.548,1.686,7.087,3.045,17.772,0.438,1.0001
2023-06-19,PL,60.426,1.361,5.862,2.423,14.914,0.388,0.9946
2023-06-26,PL,52.879,1.188,4.572,2.86,14.979,1.018,1.0211
2023-07-03,PL,54.673,0.973,7.2,2.238,15.926,0.528,1.0893
2023-07-10,PL,52.508,1.0,6.023,2.861,12.02,0.278,1.028
2023-07-17,PL,78.493,0.766,5.323,3.272,13.466,0.146,1.0234
2023-07-24,PL,66.842,0.699,6.174,2.368,18.906,0.08,1.0188
2023-07-31,PL,64.621,0.542,8.886,2.027,13.984,0.217,0.9458
2023-08-07,PL,77.626,0.447,7.923,2.438,13.131,0.854,0.9869
2023-08-14,PL,67.056,0.677,8.842,1.682,12.418,0.682,1.0792
2023-08-21,PL,74.603,6.305,7.264,3.497,16.332,0.608,0.9401
2023-08-28,PL,104.842,5.896,9.911,3.429,17.632,0.75,1.0498
2023-09-04,PL,86.454,9.694,7.494,2.22,18.004,1.516,1.0033
2023-09-11,PL,94.25,6.886,7.709,1.809,18.376,1.051,0.9964
2023-09-18,PL,74.779,4.87,7.705,3.491,14.515,0.58,1.0707
2023-09-25,PL,72.996,3.74,7.592,2.956,17.61,0.287,0.9866
2023-10-02,PL,106.487,3.007,8.424,3.769,19.354,0.18,0.9807
2023-10-09,PL,103.832,2.322,11.829,2.229,16.25,0.135,1.022
2023-10-16,PL,102.392,1.561,10.552,3.149,15.101,0.105,1.0368
2023-10-23,PL,127.747,1.444,10.157,3.531,16.902,0.079,1.0366
2023-10-30,PL,107.61,1.25,8.875,3.23,20.541,0.06,1.0309
2023-11-06,PL,115.023,4.116,9.909,3.938,22.279,0.275,0.9895
2023-11-13,PL,92.264,7.769,9.919,3.185,18.023,0.861,1.0033
2023-11-20,PL,86.806,12.621,9.427,4.019,19.821,1.4,0.997
2023-11-27,PL,95.753,15.278,7.775,2.325,21.27,1.203,1.007
2023-12-04,PL,115.584,14.236,9.559,2.83,21.628,1.804,0.9856
2023-12-11,PL,234.921,14.364,10.475,3.96,24.18,2.251,0.9523
2023-12-18,PL,107.592,13.358,8.789,3.451,20.202,1.886,1.0001
2023-12-25,PL,100.1,10.054,9.104,3.087,19.525,1.046,1.017
2024-01-01,PL,103.691,7.383,7.481,4.431,19.371,0.603,1.0274
2024-01-08,PL,132.586,5.853,10.813,5.03,7.084,0.331,1.0209
2024-01-15,PL,147.184,4.617,11.198,4.371,12.711,0.28,1.0547
2024-01-22,PL,113.663,7.599,9.943,3.58,23.699,0.154,1.0135
2024-01-29,PL,98.179,8.85,8.35,4.509,25.149,0.087,1.0145
2024-02-05,PL,108.952,8.934,10.192,3.843,20.887,1.171,0.9905
2024-02-12,PL,125.112,7.987,10.062,2.752,21.521,1.16,1.0057
2024-02-19,PL,126.756,8.847,11.136,3.266,20.532,1.589,0.992
2024-02-26,PL,95.817,10.809,10.349,4.055,23.214,1.305,0.8948
2024-03-04,PL,122.391,7.645,9.543,0.55,23.206,1.294,0.9962
2024-03-11,PL,104.309,5.352,9.282,2.675,22.058,0.689,1.0281
2024-03-18,PL,140.664,4.211,8.98,3.879,23.433,0.378,0.9679
2024-03-25,PL,85.469,2.983,8.001,3.971,20.925,0.317,0.9836
2024-04-01,PL,85.951,2.248,7.494,3.983,18.183,0.173,0.9878
2024-04-08,PL,106.809,1.695,7.994,3.535,14.671,0.099,1.061
2024-04-15,PL,95.319,1.397,8.703,2.991,13.296,0.081,0.9916
2024-04-22,PL,128.416,1.481,8.608,3.813,16.774,0.068,0.9966
2024-04-29,PL,83.38,1.118,8.604,3.866,15.361,0.054,0.9837
2024-05-06,PL,90.117,1.089,6.815,2.755,17.754,0.046,0.9869
2024-05-13,PL,91.576,0.747,6.132,2.092,19.57,0.063,0.9993
2024-05-20,PL,99.836,0.643,6.676,2.506,14.882,0.089,1.0562
2024-05-27,PL,75.149,0.56,6.464,2.642,19.157,0.065,1.0141
2024-06-03,PL,80.657,0.575,6.177,2.323,14.287,0.049,0.9518
2024-06-10,PL,72.798,0.557,8.007,2.999,16.187,0.437,1.0205
2024-06-17,PL,99.926,0.625,7.171,2.275,16.326,0.694,1.0132
2024-06-24,PL,73.81,0.622,7.76,2.091,13.582,0.624,1.0084
2024-07-01,PL,71.744,0.584,7.236,1.944,17.327,0.809,1.0749
2024-07-08,PL,122.194,0.502,6.689,2.303,14.163,0.873,0.9625
2024-07-15,PL,66.807,0.51,8.024,2.212,17.772,1.293,0.9946
2024-07-22,PL,66.454,0.545,7.978,1.562,18.754,0.986,1.001
2024-07-29,PL,93.69,0.547,7.516,3.359,15.144,0.727,0.9646
2024-08-05,PL,108.526,0.551,7.206,0.406,15.838,0.344,0.975
2024-08-12,PL,125.508,0.6,9.586,2.555,17.551,0.171,0.9738
2024-08-19,PL,133.335,0.601,7.747,2.893,16.923,0.112,1.0224
2024-08-26,PL,102.1,0.599,8.464,3.534,20.612,0.068,0.9661
2024-09-02,PL,81.858,0.541,8.671,2.513,17.082,0.592,1.0249
2024-09-09,PL,117.161,0.482,8.382,3.072,15.475,1.11,0.9812
2024-09-16,PL,103.772,0.475,11.109,4.921,4.733,1.197,0.988
2024-09-23,PL,125.515,0.826,10.543,3.251,11.14,1.044,0.9237
2024-09-30,PL,152.487,0.791,10.024,2.404,20.197,1.376,1.0061
2024-10-07,PL,143.816,0.725,9.828,4.204,18.364,0.758,0.9832
2024-10-14,PL,163.549,0.837,10.239,3.593,19.125,0.364,0.9602
2024-10-21,PL,117.517,6.699,9.964,4.206,21.138,0.276,1.0464
2024-10-28,PL,117.54,8.398,9.472,4.338,24.742,0.153,0.966
2024-11-04,PL,131.515,10.104,10.553,3.596,26.225,0.852,0.9795
2024-11-11,PL,98.351,10.529,11.324,2.872,23.612,0.953,0.9472
2024-11-18,PL,109.923,10.415,10.332,5.294,24.759,1.089,0.961
2024-11-25,PL,110.514,12.989,9.885,4.787,21.936,1.104,0.9925
2024-12-02,PL,170.082,13.216,10.335,3.693,19.995,1.078,0.9012
2024-12-09,PL,316.108,12.938,9.92,4.288,25.436,1.131,0.9279
2024-12-16,PL,165.236,14.386,11.462,0.607,23.199,1.39,1.0019
2024-12-23,PL,184.604,11.056,9.794,4.105,24.675,0.808,0.9849
2024-12-30,PL,157.953,8.957,9.034,4.493,23.514,0.464,1.0359
2025-01-06,PL,214.179,6.387,12.06,0.66,22.873,0.3,0.9646
2025-01-13,PL,127.598,4.435,11.733,4.037,21.03,0.52,1.0268
2025-01-20,PL,125.592,3.334,10.643,4.028,23.998,0.71,1.0551
2025-01-27,PL,159.009,2.376,9.791,4.494,19.409,0.916,1.0139
2025-02-03,PL,132.998,2.496,10.828,4.078,24.522,1.626,1.0485
2025-02-10,PL,143.969,2.11,11.147,3.436,23.967,1.708,1.0071
2025-02-17,PL,146.646,1.877,12.704,3.859,25.09,1.595,0.9762
2025-02-24,PL,155.203,1.629,11.362,3.742,21.125,0.821,0.9771
2025-03-03,PL,112.478,1.323,10.16,3.032,21.073,0.472,1.054
2025-03-10,PL,116.026,1.166,9.49,3.978,22.607,0.225,1.0492
2025-03-17,PL,96.76,0.944,9.386,3.439,22.965,0.13,1.0311
2025-03-24,PL,115.845,1.064,8.275,2.895,19.234,0.095,1.0324
2025-03-31,PL,172.902,2.823,10.721,2.429,15.008,0.675,1.0374
2025-04-07,PL,119.122,3.169,10.218,3.422,21.167,0.815,1.0208
2025-04-14,PL,128.312,5.75,8.095,2.324,22.258,0.763,1.0098
2025-04-21,PL,108.552,7.687,10.168,2.843,24.022,0.566,1.0579
2025-04-28,PL,98.073,5.082,9.021,3.029,22.956,0.681,1.0377
2025-05-05,PL,127.449,3.507,7.863,3.002,19.093,0.711,1.0286
2025-05-12,PL,106.484,2.288,7.601,2.551,21.03,1.159,1.0025
2025-05-19,PL,89.816,1.678,7.152,1.55,15.638,0.946,1.0067
2025-05-26,PL,105.394,1.209,8.299,2.015,21.58,0.852,0.9883
2025-06-02,PL,114.868,1.024,7.836,1.931,15.233,0.436,0.9998
2025-06-09,PL,93.154,3.149,7.188,3.368,15.066,0.222,0.9758
2025-06-16,PL,123.754,5.478,11.323,0.408,12.999,0.148,1.1079
2025-06-23,PL,92.334,5.637,9.594,3.616,15.538,0.089,1.0168
2025-06-30,PL,88.479,6.008,8.76,2.267,17.495,0.057,0.9444
2025-07-07,PL,99.203,5.501,7.172,1.621,12.624,0.032,1.0364
2025-07-14,PL,83.575,5.878,7.171,2.344,16.721,0.02,0.9708
2025-07-21,PL,86.856,5.78,7.807,2.024,12.747,0.023,0.9514
2025-07-28,PL,100.324,6.546,6.544,2.648,13.976,0.024,0.9497
2025-08-04,PL,88.872,7.165,7.249,4.465,20.338,0.02,1.0355
2025-08-11,PL,93.911,4.889,7.167,2.599,18.355,0.018,0.9073
2025-08-18,PL,99.278,3.305,5.934,3.784,19.418,0.021,0.9926
2025-08-25,PL,136.413,2.543,8.193,2.766,20.531,0.038,0.9135
2025-09-01,PL,143.547,1.837,7.555,3.953,24.031,0.03,1.0001
2025-09-08,PL,113.816,1.381,7.61,3.329,22.824,0.031,1.0885
2025-09-15,PL,95.707,1.025,11.668,3.513,22.991,0.023,1.0253
2025-09-22,PL,118.446,0.816,12.318,4.031,21.231,0.041,1.0132
2025-09-29,PL,152.355,0.852,11.488,4.524,17.781,0.031,1.0058
2025-10-06,PL,148.316,0.845,10.946,3.699,18.338,0.04,1.0023
2025-10-13,PL,155.681,0.773,10.176,4.996,20.895,0.042,0.9786
2025-10-20,PL,163.72,0.804,9.216,3.33,25.445,0.09,0.9514
2025-10-27,PL,157.422,0.983,9.582,4.514,23.003,0.062,1.0463
2025-11-03,PL,123.589,4.627,11.898,2.603,18.946,0.35,0.9742
2025-11-10,PL,140.066,9.028,11.402,3.019,25.935,0.943,1.0151
2025-11-17,PL,141.483,12.156,10.429,2.887,14.148,1.568,0.9713
2025-11-24,PL,152.321,11.253,12.446,2.721,21.742,1.534,1.027
2025-12-01,PL,165.27,11.387,10.587,4.089,19.914,1.896,1.0277
2025-12-08,PL,278.642,12.055,11.444,3.869,19.097,1.959,0.9827
2025-12-15,PL,173.452,15.484,10.259,3.093,20.905,1.9,0.9349
2025-12-22,PL,277.967,11.95,11.549,4.26,24.72,1.008,1.0006
