country,channel,total_spend_k,total_incremental_units_k,total_incremental_revenue_k,true_roas,beta_max_units_k,hill_k,hill_s,adstock_alpha
AT,tv,2485.3,957.4,3093.3,1.245,28,32.4,1.6,0.7
AT,online_video,1481.2,969.2,3131.3,2.114,14,10.799999999999999,1.3,0.5
AT,paid_search,1039.8,665.3,2149.6,2.067,10,8.1,1.1,0.1
AT,paid_social,1319.3,850.8,2748.7,2.083,12,9.0,1.4,0.3
AT,ooh,569.3,156.7,506.2,0.889,9,12.6,1.8,0.6
DE,tv,16543.3,6254.7,19441.2,1.175,150,180.0,1.6,0.7
DE,online_video,8463.4,4907.6,15253.9,1.802,70,60.0,1.3,0.5
DE,paid_search,6527.8,5370.2,16692.0,2.557,75,45.0,1.1,0.1
DE,paid_social,7217.1,3866.8,12019.1,1.665,55,50.0,1.4,0.3
DE,ooh,3938.3,926.7,2880.5,0.731,40,70.0,1.8,0.6
FR,tv,9003.1,3237.2,10865.8,1.207,80,99.00000000000001,1.6,0.7
FR,online_video,4267.2,2099.4,7046.8,1.651,32,33.0,1.3,0.5
FR,paid_search,2901.3,1759.8,5906.8,2.036,28,24.750000000000004,1.1,0.1
FR,paid_social,3860.6,2048.8,6876.9,1.781,30,27.500000000000004,1.4,0.3
FR,ooh,2921.3,1182.1,3967.8,1.358,36,38.5,1.8,0.6
IT,tv,7071.8,3053.6,9393.3,1.328,75,81.0,1.6,0.7
IT,online_video,2888.2,1489.8,4582.9,1.587,26,27.0,1.3,0.5
IT,paid_search,2053.8,1125.3,3461.5,1.685,20,20.25,1.1,0.1
IT,paid_social,3261.9,2408.6,7409.0,2.271,34,22.5,1.4,0.3
IT,ooh,2161.8,882.1,2713.6,1.255,30,31.5,1.8,0.6
NL,tv,2495.6,520.5,1700.8,0.682,18,39.6,1.6,0.7
NL,online_video,2502.1,2208.1,7215.9,2.884,26,13.2,1.3,0.5
NL,paid_search,1550.4,1497.8,4894.7,3.157,20,9.9,1.1,0.1
NL,paid_social,2277.1,2125.2,6945.0,3.05,24,11.0,1.4,0.3
NL,ooh,587.4,107.0,349.5,0.595,8,15.4,1.8,0.6
PL,tv,1964.0,720.6,1813.2,0.923,30,36.0,1.6,0.7
PL,online_video,1644.8,1386.3,3488.5,2.121,20,12.0,1.3,0.5
PL,paid_search,834.1,486.1,1223.3,1.467,9,9.0,1.1,0.1
PL,paid_social,2211.5,2941.2,7401.1,3.347,32,10.0,1.4,0.3
PL,ooh,499.4,84.5,212.6,0.426,7,14.0,1.8,0.6
