country,channel,weekly_spend_k
AT,tv,13.62
AT,online_video,10.58
AT,paid_search,6.79
AT,paid_social,9.72
AT,ooh,3.17
DE,tv,106.56
DE,online_video,57.43
DE,paid_search,42.68
DE,paid_social,52.96
DE,ooh,24.32
FR,tv,46.34
FR,online_video,31.07
FR,paid_search,19.43
FR,paid_social,29.9
FR,ooh,21.9
IT,tv,48.59
IT,online_video,21.52
IT,paid_search,15.22
IT,paid_social,21.9
IT,ooh,12.04
NL,tv,15.92
NL,online_video,18.7
NL,paid_search,10.89
NL,paid_social,15.73
NL,ooh,4.45
PL,tv,12.08
PL,online_video,11.79
PL,paid_search,5.45
PL,paid_social,15.69
PL,ooh,3.24
